"","title","names","types","money","dates"
"1","http://www.hongyundt.com/invest/investRecord?borrow_id=92","297***388","手动","￥450.00元","2016-01-29 10:12"
"2","http://www.hongyundt.com/invest/investRecord?borrow_id=92","297***388","手动","￥50.00元","2016-01-29 10:11"
"3","http://www.hongyundt.com/invest/investRecord?borrow_id=92","quc***hao","手动","￥4,000.00元","2016-01-29 10:10"
"4","http://www.hongyundt.com/invest/investRecord?borrow_id=92","zhe***ang","手动","￥2,000.00元","2016-01-29 10:10"
"5","http://www.hongyundt.com/invest/investRecord?borrow_id=92","zxc***123","手动","￥3,500.00元","2016-01-29 10:08"
"6","http://www.hongyundt.com/invest/investRecord?borrow_id=92","qwe***ert","手动","￥5,000.00元","2016-01-29 10:07"
"7","http://www.hongyundt.com/invest/investRecord?borrow_id=92","dfs***789","手动","￥10,000.00元","2016-01-29 10:06"
"8","http://www.hongyundt.com/invest/investRecord?borrow_id=92","zxc***456","手动","￥8,000.00元","2016-01-29 09:58"
"9","http://www.hongyundt.com/invest/investRecord?borrow_id=92","asd***123","手动","￥8,000.00元","2016-01-29 09:49"
"10","http://www.hongyundt.com/invest/investRecord?borrow_id=92","wer***123","手动","￥5,000.00元","2016-01-29 09:42"
"11","http://www.hongyundt.com/invest/investRecord?borrow_id=92","马***kui","手动","￥2,000.00元","2016-01-29 09:40"
"12","http://www.hongyundt.com/invest/investRecord?borrow_id=92","eas***057","手动","￥2,000.00元","2016-01-29 09:35"
"13","http://www.hongyundt.com/invest/investRecord?borrow_id=91","有***方","手动","￥2,400.00元","2016-01-28 16:26"
"14","http://www.hongyundt.com/invest/investRecord?borrow_id=91","愠***<U+0650>1","手动","￥5,000.00元","2016-01-28 16:25"
"15","http://www.hongyundt.com/invest/investRecord?borrow_id=91","zxc***123","手动","￥2,500.00元","2016-01-28 16:20"
"16","http://www.hongyundt.com/invest/investRecord?borrow_id=91","heh***lei","手动","￥100.00元","2016-01-28 15:36"
"17","http://www.hongyundt.com/invest/investRecord?borrow_id=91","qwe***ert","手动","￥3,500.00元","2016-01-28 14:47"
"18","http://www.hongyundt.com/invest/investRecord?borrow_id=91","蓝***990","手动","￥8,500.00元","2016-01-28 14:43"
"19","http://www.hongyundt.com/invest/investRecord?borrow_id=91","123***456","手动","￥8,000.00元","2016-01-28 14:38"
"20","http://www.hongyundt.com/invest/investRecord?borrow_id=88","范***冰","手动","￥2,500.00元","2016-01-28 10:28"
"21","http://www.hongyundt.com/invest/investRecord?borrow_id=88","L41***428","手动","￥2,000.00元","2016-01-28 10:23"
"22","http://www.hongyundt.com/invest/investRecord?borrow_id=88","jin***ng3","手动","￥3,500.00元","2016-01-28 10:03"
"23","http://www.hongyundt.com/invest/investRecord?borrow_id=88","蓝***990","手动","￥5,000.00元","2016-01-28 10:01"
"24","http://www.hongyundt.com/invest/investRecord?borrow_id=88","李***anX","手动","￥5,000.00元","2016-01-28 10:01"
"25","http://www.hongyundt.com/invest/investRecord?borrow_id=88","愠***<U+0650>1","手动","￥2,000.00元","2016-01-28 09:59"
"26","http://www.hongyundt.com/invest/investRecord?borrow_id=88","bab***014","手动","￥2,000.00元","2016-01-28 09:58"
"27","http://www.hongyundt.com/invest/investRecord?borrow_id=88","zxc***123","手动","￥2,000.00元","2016-01-28 09:57"
"28","http://www.hongyundt.com/invest/investRecord?borrow_id=88","马***kui","手动","￥2,000.00元","2016-01-28 09:54"
"29","http://www.hongyundt.com/invest/investRecord?borrow_id=88","qwe***ert","手动","￥2,000.00元","2016-01-28 09:45"
"30","http://www.hongyundt.com/invest/investRecord?borrow_id=88","张***云","手动","￥4,000.00元","2016-01-28 09:41"
"31","http://www.hongyundt.com/invest/investRecord?borrow_id=88","488***885","手动","￥5,000.00元","2016-01-28 09:37"
"32","http://www.hongyundt.com/invest/investRecord?borrow_id=88","wer***147","手动","￥4,500.00元","2016-01-28 09:36"
"33","http://www.hongyundt.com/invest/investRecord?borrow_id=88","123***3mm","手动","￥3,500.00元","2016-01-28 09:35"
"34","http://www.hongyundt.com/invest/investRecord?borrow_id=88","123***456","手动","￥3,000.00元","2016-01-28 09:33"
"35","http://www.hongyundt.com/invest/investRecord?borrow_id=88","zhe***ang","手动","￥2,000.00元","2016-01-28 09:32"
"36","http://www.hongyundt.com/invest/investRecord?borrow_id=86","张***309","手动","￥35,000.00元","2016-01-27 16:59"
"37","http://www.hongyundt.com/invest/investRecord?borrow_id=86","wea***e-a","手动","￥5,000.00元","2016-01-27 16:46"
"38","http://www.hongyundt.com/invest/investRecord?borrow_id=86","bab***014","手动","￥20,000.00元","2016-01-27 16:24"
"39","http://www.hongyundt.com/invest/investRecord?borrow_id=85","zhe***ang","手动","￥4,200.00元","2016-01-27 17:44"
"40","http://www.hongyundt.com/invest/investRecord?borrow_id=85","jan***ice","手动","￥10,000.00元","2016-01-27 17:10"
"41","http://www.hongyundt.com/invest/investRecord?borrow_id=85","可***里","手动","￥800.00元","2016-01-27 17:04"
"42","http://www.hongyundt.com/invest/investRecord?borrow_id=85","张***309","手动","￥1,000.00元","2016-01-27 16:58"
"43","http://www.hongyundt.com/invest/investRecord?borrow_id=85","yue***yue","手动","￥6,000.00元","2016-01-27 16:56"
"44","http://www.hongyundt.com/invest/investRecord?borrow_id=85","wea***e-a","手动","￥10,000.00元","2016-01-27 16:33"
"45","http://www.hongyundt.com/invest/investRecord?borrow_id=85","yuy***ng1","手动","￥2,100.00元","2016-01-27 16:26"
"46","http://www.hongyundt.com/invest/investRecord?borrow_id=85","bab***014","手动","￥8,800.00元","2016-01-27 16:24"
"47","http://www.hongyundt.com/invest/investRecord?borrow_id=85","quc***hao","手动","￥5,000.00元","2016-01-27 10:42"
"48","http://www.hongyundt.com/invest/investRecord?borrow_id=85","heh***lei","手动","￥2,100.00元","2016-01-27 10:28"
"49","http://www.hongyundt.com/invest/investRecord?borrow_id=84","TT8***569","手动","￥14,100.00元","2016-01-27 07:28"
"50","http://www.hongyundt.com/invest/investRecord?borrow_id=84","ang***777","手动","￥20,000.00元","2016-01-26 17:12"
"51","http://www.hongyundt.com/invest/investRecord?borrow_id=84","wan***xun","手动","￥50.00元","2016-01-26 16:49"
"52","http://www.hongyundt.com/invest/investRecord?borrow_id=84","L41***428","手动","￥7,000.00元","2016-01-26 16:34"
"53","http://www.hongyundt.com/invest/investRecord?borrow_id=84","din***ng3","手动","￥10,000.00元","2016-01-26 15:41"
"54","http://www.hongyundt.com/invest/investRecord?borrow_id=84","wue***779","手动","￥5,000.00元","2016-01-26 14:49"
"55","http://www.hongyundt.com/invest/investRecord?borrow_id=84","zha***555","手动","￥3,600.00元","2016-01-26 14:45"
"56","http://www.hongyundt.com/invest/investRecord?borrow_id=84","Wxi***768","手动","￥250.00元","2016-01-26 14:43"
"57","http://www.hongyundt.com/invest/investRecord?borrow_id=83","wus***ei1","手动","￥7,850.00元","2016-01-26 13:40"
"58","http://www.hongyundt.com/invest/investRecord?borrow_id=83","诗***意","手动","￥5,000.00元","2016-01-26 13:39"
"59","http://www.hongyundt.com/invest/investRecord?borrow_id=83","诗***意","手动","￥5,000.00元","2016-01-26 13:33"
"60","http://www.hongyundt.com/invest/investRecord?borrow_id=83","诗***意","手动","￥3,000.00元","2016-01-26 10:59"
"61","http://www.hongyundt.com/invest/investRecord?borrow_id=83","liu***121","手动","￥3,300.00元","2016-01-26 10:53"
"62","http://www.hongyundt.com/invest/investRecord?borrow_id=83","可***里","手动","￥11,000.00元","2016-01-26 10:38"
"63","http://www.hongyundt.com/invest/investRecord?borrow_id=83","可***里","手动","￥10,000.00元","2016-01-26 10:37"
"64","http://www.hongyundt.com/invest/investRecord?borrow_id=83","jin***ng3","手动","￥4,850.00元","2016-01-26 10:32"
"65","http://www.hongyundt.com/invest/investRecord?borrow_id=82","Num***umb","手动","￥4,500.00元","2016-01-26 08:17"
"66","http://www.hongyundt.com/invest/investRecord?borrow_id=82","马***kui","手动","￥10,000.00元","2016-01-26 07:50"
"67","http://www.hongyundt.com/invest/investRecord?borrow_id=82","wan***111","手动","￥10,000.00元","2016-01-26 01:11"
"68","http://www.hongyundt.com/invest/investRecord?borrow_id=82","wan***111","手动","￥20,000.00元","2016-01-25 23:27"
"69","http://www.hongyundt.com/invest/investRecord?borrow_id=82","ss5***521","手动","￥6,700.00元","2016-01-25 17:04"
"70","http://www.hongyundt.com/invest/investRecord?borrow_id=82","nuo***359","手动","￥8,800.00元","2016-01-25 15:10"
"71","http://www.hongyundt.com/invest/investRecord?borrow_id=81","qin***ngl","手动","￥17,050.00元","2016-01-25 23:22"
"72","http://www.hongyundt.com/invest/investRecord?borrow_id=81","hun***nao","手动","￥17,000.00元","2016-01-25 17:16"
"73","http://www.hongyundt.com/invest/investRecord?borrow_id=81","wus***ei1","手动","￥6,500.00元","2016-01-25 16:04"
"74","http://www.hongyundt.com/invest/investRecord?borrow_id=81","jan***ice","手动","￥2,100.00元","2016-01-25 15:53"
"75","http://www.hongyundt.com/invest/investRecord?borrow_id=81","z74***258","手动","￥5,000.00元","2016-01-25 11:49"
"76","http://www.hongyundt.com/invest/investRecord?borrow_id=81","Wxi***768","手动","￥6,850.00元","2016-01-25 10:21"
"77","http://www.hongyundt.com/invest/investRecord?borrow_id=81","李***anX","手动","￥5,500.00元","2016-01-25 10:19"
"78","http://www.hongyundt.com/invest/investRecord?borrow_id=79","李***啦","手动","￥18,000.00元","2016-01-23 16:34"
"79","http://www.hongyundt.com/invest/investRecord?borrow_id=79","147***258","手动","￥7,000.00元","2016-01-23 16:31"
"80","http://www.hongyundt.com/invest/investRecord?borrow_id=79","xuz***zhi","手动","￥10,000.00元","2016-01-23 16:20"
"81","http://www.hongyundt.com/invest/investRecord?borrow_id=79","147***258","手动","￥10,000.00元","2016-01-23 16:07"
"82","http://www.hongyundt.com/invest/investRecord?borrow_id=79","147***258","手动","￥10,000.00元","2016-01-23 16:06"
"83","http://www.hongyundt.com/invest/investRecord?borrow_id=79","YU3***250","手动","￥5,000.00元","2016-01-23 16:03"
"84","http://www.hongyundt.com/invest/investRecord?borrow_id=78","775***521","手动","￥10,000.00元","2016-01-23 14:40"
"85","http://www.hongyundt.com/invest/investRecord?borrow_id=78","775***521","手动","￥10,000.00元","2016-01-23 10:59"
"86","http://www.hongyundt.com/invest/investRecord?borrow_id=78","297***388","手动","￥10,000.00元","2016-01-23 10:57"
"87","http://www.hongyundt.com/invest/investRecord?borrow_id=76","liu***121","手动","￥6,750.00元","2016-01-22 19:21"
"88","http://www.hongyundt.com/invest/investRecord?borrow_id=76","满***舞","手动","￥400.00元","2016-01-22 18:15"
"89","http://www.hongyundt.com/invest/investRecord?borrow_id=76","满***舞","手动","￥6,000.00元","2016-01-22 18:15"
"90","http://www.hongyundt.com/invest/investRecord?borrow_id=76","jin***ng3","手动","￥5,050.00元","2016-01-22 18:09"
"91","http://www.hongyundt.com/invest/investRecord?borrow_id=76","liu***123","手动","￥3,500.00元","2016-01-22 18:03"
"92","http://www.hongyundt.com/invest/investRecord?borrow_id=76","z74***258","手动","￥10,050.00元","2016-01-22 17:49"
"93","http://www.hongyundt.com/invest/investRecord?borrow_id=76","xia***123","手动","￥10,050.00元","2016-01-22 17:10"
"94","http://www.hongyundt.com/invest/investRecord?borrow_id=76","yan***le6","手动","￥2,000.00元","2016-01-22 16:45"
"95","http://www.hongyundt.com/invest/investRecord?borrow_id=76","TT8***569","手动","￥8,000.00元","2016-01-22 14:25"
"96","http://www.hongyundt.com/invest/investRecord?borrow_id=76","wus***ei1","手动","￥8,200.00元","2016-01-22 14:22"
"97","http://www.hongyundt.com/invest/investRecord?borrow_id=75","李***anX","手动","￥3,950.00元","2016-01-22 17:03"
"98","http://www.hongyundt.com/invest/investRecord?borrow_id=75","mei***564","手动","￥10,000.00元","2016-01-22 17:00"
"99","http://www.hongyundt.com/invest/investRecord?borrow_id=75","yan***le6","手动","￥18,000.00元","2016-01-22 16:44"
"100","http://www.hongyundt.com/invest/investRecord?borrow_id=75","TT8***569","手动","￥2,000.00元","2016-01-22 14:24"
"101","http://www.hongyundt.com/invest/investRecord?borrow_id=75","741***明","手动","￥2,800.00元","2016-01-22 10:33"
"102","http://www.hongyundt.com/invest/investRecord?borrow_id=75","LXM***876","手动","￥7,150.00元","2016-01-22 10:31"
"103","http://www.hongyundt.com/invest/investRecord?borrow_id=75","一***顺","手动","￥3,000.00元","2016-01-22 10:30"
"104","http://www.hongyundt.com/invest/investRecord?borrow_id=75","you***ung","手动","￥3,100.00元","2016-01-22 10:30"
"105","http://www.hongyundt.com/invest/investRecord?borrow_id=73","张***309","手动","￥5,500.00元","2016-01-21 16:22"
"106","http://www.hongyundt.com/invest/investRecord?borrow_id=73","张***309","手动","￥4,000.00元","2016-01-21 16:22"
"107","http://www.hongyundt.com/invest/investRecord?borrow_id=73","好***来","手动","￥2,150.00元","2016-01-21 16:22"
"108","http://www.hongyundt.com/invest/investRecord?borrow_id=73","逆***受","手动","￥8,000.00元","2016-01-21 16:19"
"109","http://www.hongyundt.com/invest/investRecord?borrow_id=73","大***树","手动","￥10,000.00元","2016-01-21 16:15"
"110","http://www.hongyundt.com/invest/investRecord?borrow_id=73","喜***洋","手动","￥4,000.00元","2016-01-21 16:10"
"111","http://www.hongyundt.com/invest/investRecord?borrow_id=73","张***309","手动","￥6,000.00元","2016-01-21 15:04"
"112","http://www.hongyundt.com/invest/investRecord?borrow_id=73","张***309","手动","￥12,000.00元","2016-01-21 15:03"
"113","http://www.hongyundt.com/invest/investRecord?borrow_id=73","jin***ng3","手动","￥200.00元","2016-01-21 14:55"
"114","http://www.hongyundt.com/invest/investRecord?borrow_id=73","Wxi***768","手动","￥50.00元","2016-01-21 14:31"
"115","http://www.hongyundt.com/invest/investRecord?borrow_id=73","wan***xun","手动","￥5,100.00元","2016-01-21 14:12"
"116","http://www.hongyundt.com/invest/investRecord?borrow_id=73","jan***ice","手动","￥3,000.00元","2016-01-21 14:11"
"117","http://www.hongyundt.com/invest/investRecord?borrow_id=72","好***来","手动","￥7,850.00元","2016-01-21 16:21"
"118","http://www.hongyundt.com/invest/investRecord?borrow_id=72","逆***受","手动","￥2,000.00元","2016-01-21 16:17"
"119","http://www.hongyundt.com/invest/investRecord?borrow_id=72","Wxi***768","手动","￥2,100.00元","2016-01-21 14:31"
"120","http://www.hongyundt.com/invest/investRecord?borrow_id=72","可***里","手动","￥10,050.00元","2016-01-21 14:15"
"121","http://www.hongyundt.com/invest/investRecord?borrow_id=72","QQ7***654","手动","￥8,000.00元","2016-01-21 11:04"
"122","http://www.hongyundt.com/invest/investRecord?borrow_id=72","198***111","手动","￥20,000.00元","2016-01-21 10:35"
"123","http://www.hongyundt.com/invest/investRecord?borrow_id=70","菜***菜","手动","￥18,950.00元","2016-01-20 16:49"
"124","http://www.hongyundt.com/invest/investRecord?borrow_id=70","好***来","手动","￥15,000.00元","2016-01-20 16:47"
"125","http://www.hongyundt.com/invest/investRecord?borrow_id=70","不***爱","手动","￥10,000.00元","2016-01-20 16:46"
"126","http://www.hongyundt.com/invest/investRecord?borrow_id=70","马***kui","手动","￥10,050.00元","2016-01-20 14:06"
"127","http://www.hongyundt.com/invest/investRecord?borrow_id=70","微***怀","手动","￥6,000.00元","2016-01-20 14:00"
"128","http://www.hongyundt.com/invest/investRecord?borrow_id=69","苏***123","手动","￥20,900.00元","2016-01-21 08:53"
"129","http://www.hongyundt.com/invest/investRecord?borrow_id=69","张***云","手动","￥4,000.00元","2016-01-20 16:50"
"130","http://www.hongyundt.com/invest/investRecord?borrow_id=69","好***来","手动","￥6,000.00元","2016-01-20 16:48"
"131","http://www.hongyundt.com/invest/investRecord?borrow_id=69","好***来","手动","￥20,000.00元","2016-01-20 16:48"
"132","http://www.hongyundt.com/invest/investRecord?borrow_id=69","路***甲","手动","￥3,000.00元","2016-01-20 11:04"
"133","http://www.hongyundt.com/invest/investRecord?borrow_id=69","L41***428","手动","￥2,100.00元","2016-01-20 10:58"
"134","http://www.hongyundt.com/invest/investRecord?borrow_id=69","ngc***gcx","手动","￥4,000.00元","2016-01-20 10:36"
"135","http://www.hongyundt.com/invest/investRecord?borrow_id=67","jan***ice","手动","￥5,200.00元","2016-01-20 09:04"
"136","http://www.hongyundt.com/invest/investRecord?borrow_id=67","tin***864","手动","￥8,000.00元","2016-01-20 09:04"
"137","http://www.hongyundt.com/invest/investRecord?borrow_id=67","猴***祥","手动","￥5,000.00元","2016-01-20 09:03"
"138","http://www.hongyundt.com/invest/investRecord?borrow_id=67","kio***006","手动","￥7,000.00元","2016-01-20 09:03"
"139","http://www.hongyundt.com/invest/investRecord?borrow_id=67","yua***uan","手动","￥10,000.00元","2016-01-20 09:02"
"140","http://www.hongyundt.com/invest/investRecord?borrow_id=67","yua***uan","手动","￥10,000.00元","2016-01-20 09:02"
"141","http://www.hongyundt.com/invest/investRecord?borrow_id=67","星***烁","手动","￥7,000.00元","2016-01-19 16:31"
"142","http://www.hongyundt.com/invest/investRecord?borrow_id=67","Num***umb","手动","￥2,000.00元","2016-01-19 14:02"
"143","http://www.hongyundt.com/invest/investRecord?borrow_id=67","xud***dbm","手动","￥5,800.00元","2016-01-19 14:01"
"144","http://www.hongyundt.com/invest/investRecord?borrow_id=66","mxc***xcd","手动","￥13,700.00元","2016-01-19 16:59"
"145","http://www.hongyundt.com/invest/investRecord?borrow_id=66","就***始","手动","￥8,000.00元","2016-01-19 16:35"
"146","http://www.hongyundt.com/invest/investRecord?borrow_id=66","ngc***gcx","手动","￥6,800.00元","2016-01-19 16:15"
"147","http://www.hongyundt.com/invest/investRecord?borrow_id=66","LXM***876","手动","￥3,000.00元","2016-01-19 10:47"
"148","http://www.hongyundt.com/invest/investRecord?borrow_id=66","路***甲","手动","￥3,500.00元","2016-01-19 10:42"
"149","http://www.hongyundt.com/invest/investRecord?borrow_id=64","喜***洋","手动","￥15,000.00元","2016-01-19 09:55"
"150","http://www.hongyundt.com/invest/investRecord?borrow_id=64","范***冰","手动","￥20,000.00元","2016-01-19 09:53"
"151","http://www.hongyundt.com/invest/investRecord?borrow_id=64","秀***餐","手动","￥10,000.00元","2016-01-19 09:52"
"152","http://www.hongyundt.com/invest/investRecord?borrow_id=64","可***里","手动","￥10,000.00元","2016-01-18 15:02"
"153","http://www.hongyundt.com/invest/investRecord?borrow_id=64","wan***xun","手动","￥5,000.00元","2016-01-18 14:45"
"154","http://www.hongyundt.com/invest/investRecord?borrow_id=63","秀***餐","手动","￥21,500.00元","2016-01-19 09:51"
"155","http://www.hongyundt.com/invest/investRecord?borrow_id=63","yue***yue","手动","￥15,000.00元","2016-01-19 09:50"
"156","http://www.hongyundt.com/invest/investRecord?borrow_id=63","yue***yue","手动","￥20,000.00元","2016-01-19 09:50"
"157","http://www.hongyundt.com/invest/investRecord?borrow_id=63","可***里","手动","￥10,000.00元","2016-01-18 15:19"
"158","http://www.hongyundt.com/invest/investRecord?borrow_id=63","eas***057","手动","￥200.00元","2016-01-18 14:08"
"159","http://www.hongyundt.com/invest/investRecord?borrow_id=63","zha***555","手动","￥3,300.00元","2016-01-18 14:01"
"160","http://www.hongyundt.com/invest/investRecord?borrow_id=60","ngc***gcx","手动","￥16,800.00元","2016-01-16 16:58"
"161","http://www.hongyundt.com/invest/investRecord?borrow_id=60","xud***dbm","手动","￥5,200.00元","2016-01-16 16:57"
"162","http://www.hongyundt.com/invest/investRecord?borrow_id=60","有***方","手动","￥3,000.00元","2016-01-16 15:50"
"163","http://www.hongyundt.com/invest/investRecord?borrow_id=60","有***方","手动","￥7,000.00元","2016-01-16 15:27"
"164","http://www.hongyundt.com/invest/investRecord?borrow_id=60","yue***yue","手动","￥18,000.00元","2016-01-16 15:26"
"165","http://www.hongyundt.com/invest/investRecord?borrow_id=60","kio***006","手动","￥10,000.00元","2016-01-16 14:01"
"166","http://www.hongyundt.com/invest/investRecord?borrow_id=59","zha***555","手动","￥3,300.00元","2016-01-17 10:48"
"167","http://www.hongyundt.com/invest/investRecord?borrow_id=59","wer***ert","手动","￥5,000.00元","2016-01-17 10:35"
"168","http://www.hongyundt.com/invest/investRecord?borrow_id=59","qsx***sxc","手动","￥5,000.00元","2016-01-17 10:34"
"169","http://www.hongyundt.com/invest/investRecord?borrow_id=59","qaz***azx","手动","￥5,000.00元","2016-01-17 10:33"
"170","http://www.hongyundt.com/invest/investRecord?borrow_id=59","buh***uha","手动","￥5,000.00元","2016-01-17 10:33"
"171","http://www.hongyundt.com/invest/investRecord?borrow_id=59","qaz***azx","手动","￥5,000.00元","2016-01-17 10:32"
"172","http://www.hongyundt.com/invest/investRecord?borrow_id=59","qwe***wer","手动","￥5,000.00元","2016-01-17 10:31"
"173","http://www.hongyundt.com/invest/investRecord?borrow_id=59","gnm***nmf","手动","￥6,700.00元","2016-01-16 16:55"
"174","http://www.hongyundt.com/invest/investRecord?borrow_id=59","有***方","手动","￥7,000.00元","2016-01-16 15:28"
"175","http://www.hongyundt.com/invest/investRecord?borrow_id=59","yue***yue","手动","￥3,000.00元","2016-01-16 15:26"
"176","http://www.hongyundt.com/invest/investRecord?borrow_id=59","kio***006","手动","￥10,000.00元","2016-01-16 10:30"
"177","http://www.hongyundt.com/invest/investRecord?borrow_id=57","ss5***521","手动","￥9,900.00元","2016-01-15 16:12"
"178","http://www.hongyundt.com/invest/investRecord?borrow_id=57","苏***123","手动","￥5,000.00元","2016-01-15 15:58"
"179","http://www.hongyundt.com/invest/investRecord?borrow_id=57","苏***123","手动","￥6,000.00元","2016-01-15 15:58"
"180","http://www.hongyundt.com/invest/investRecord?borrow_id=57","bff***ffk","手动","￥4,200.00元","2016-01-15 15:38"
"181","http://www.hongyundt.com/invest/investRecord?borrow_id=57","ngc***gcx","手动","￥10,200.00元","2016-01-15 15:06"
"182","http://www.hongyundt.com/invest/investRecord?borrow_id=57","张***云","手动","￥5,000.00元","2016-01-15 14:22"
"183","http://www.hongyundt.com/invest/investRecord?borrow_id=57","菜***菜","手动","￥9,000.00元","2016-01-15 14:22"
"184","http://www.hongyundt.com/invest/investRecord?borrow_id=57","张***309","手动","￥3,000.00元","2016-01-15 14:21"
"185","http://www.hongyundt.com/invest/investRecord?borrow_id=57","张***309","手动","￥7,700.00元","2016-01-15 14:20"
"186","http://www.hongyundt.com/invest/investRecord?borrow_id=56","ngc***gcx","手动","￥11,750.00元","2016-01-15 16:24"
"187","http://www.hongyundt.com/invest/investRecord?borrow_id=56","星***烁","手动","￥3,700.00元","2016-01-15 15:22"
"188","http://www.hongyundt.com/invest/investRecord?borrow_id=56","菜***菜","手动","￥6,000.00元","2016-01-15 14:22"
"189","http://www.hongyundt.com/invest/investRecord?borrow_id=56","张***309","手动","￥4,400.00元","2016-01-15 14:20"
"190","http://www.hongyundt.com/invest/investRecord?borrow_id=56","xud***dbm","手动","￥4,350.00元","2016-01-15 11:22"
"191","http://www.hongyundt.com/invest/investRecord?borrow_id=56","张***云","手动","￥3,000.00元","2016-01-15 11:17"
"192","http://www.hongyundt.com/invest/investRecord?borrow_id=56","jan***ice","手动","￥8,000.00元","2016-01-15 11:16"
"193","http://www.hongyundt.com/invest/investRecord?borrow_id=56","就***始","手动","￥3,800.00元","2016-01-15 10:35"
"194","http://www.hongyundt.com/invest/investRecord?borrow_id=56","eas***057","手动","￥5,000.00元","2016-01-15 10:33"
"195","http://www.hongyundt.com/invest/investRecord?borrow_id=54","范***冰","手动","￥11,000.00元","2016-01-14 16:50"
"196","http://www.hongyundt.com/invest/investRecord?borrow_id=54","范***冰","手动","￥10,000.00元","2016-01-14 16:50"
"197","http://www.hongyundt.com/invest/investRecord?borrow_id=54","好***来","手动","￥8,000.00元","2016-01-14 14:28"
"198","http://www.hongyundt.com/invest/investRecord?borrow_id=54","775***521","手动","￥4,000.00元","2016-01-14 14:20"
"199","http://www.hongyundt.com/invest/investRecord?borrow_id=54","万***意","手动","￥5,000.00元","2016-01-14 14:08"
"200","http://www.hongyundt.com/invest/investRecord?borrow_id=54","775***521","手动","￥2,000.00元","2016-01-14 14:07"
"201","http://www.hongyundt.com/invest/investRecord?borrow_id=54","775***521","手动","￥10,000.00元","2016-01-14 14:07"
"202","http://www.hongyundt.com/invest/investRecord?borrow_id=54","131***888","手动","￥10,000.00元","2016-01-14 14:05"
"203","http://www.hongyundt.com/invest/investRecord?borrow_id=53","jan***ice","手动","￥400.00元","2016-01-15 08:48"
"204","http://www.hongyundt.com/invest/investRecord?borrow_id=53","喜***洋","手动","￥5,000.00元","2016-01-15 08:47"
"205","http://www.hongyundt.com/invest/investRecord?borrow_id=53","喜***洋","手动","￥11,000.00元","2016-01-15 08:46"
"206","http://www.hongyundt.com/invest/investRecord?borrow_id=53","好***来","手动","￥6,000.00元","2016-01-14 14:27"
"207","http://www.hongyundt.com/invest/investRecord?borrow_id=53","茅***业","手动","￥5,600.00元","2016-01-14 14:03"
"208","http://www.hongyundt.com/invest/investRecord?borrow_id=53","yan***ong","手动","￥2,000.00元","2016-01-14 10:45"
"209","http://www.hongyundt.com/invest/investRecord?borrow_id=51","yua***uan","手动","￥9,850.00元","2016-01-13 16:48"
"210","http://www.hongyundt.com/invest/investRecord?borrow_id=51","147***258","手动","￥3,000.00元","2016-01-13 16:32"
"211","http://www.hongyundt.com/invest/investRecord?borrow_id=51","开***果","手动","￥5,500.00元","2016-01-13 16:20"
"212","http://www.hongyundt.com/invest/investRecord?borrow_id=51","147***258","手动","￥10,000.00元","2016-01-13 16:17"
"213","http://www.hongyundt.com/invest/investRecord?borrow_id=51","网***人","手动","￥8,000.00元","2016-01-13 16:09"
"214","http://www.hongyundt.com/invest/investRecord?borrow_id=51","eas***057","手动","￥150.00元","2016-01-13 15:54"
"215","http://www.hongyundt.com/invest/investRecord?borrow_id=51","gnm***nmf","手动","￥5,500.00元","2016-01-13 14:28"
"216","http://www.hongyundt.com/invest/investRecord?borrow_id=51","张***云","手动","￥8,000.00元","2016-01-13 14:15"
"217","http://www.hongyundt.com/invest/investRecord?borrow_id=51","yan***i88","手动","￥10,000.00元","2016-01-13 14:00"
"218","http://www.hongyundt.com/invest/investRecord?borrow_id=50","李***啦","手动","￥17,100.00元","2016-01-13 16:51"
"219","http://www.hongyundt.com/invest/investRecord?borrow_id=50","yua***uan","手动","￥2,800.00元","2016-01-13 16:50"
"220","http://www.hongyundt.com/invest/investRecord?borrow_id=50","yua***uan","手动","￥12,000.00元","2016-01-13 16:48"
"221","http://www.hongyundt.com/invest/investRecord?borrow_id=50","you***ung","手动","￥2,100.00元","2016-01-13 16:30"
"222","http://www.hongyundt.com/invest/investRecord?borrow_id=50","开***果","手动","￥8,500.00元","2016-01-13 16:19"
"223","http://www.hongyundt.com/invest/investRecord?borrow_id=50","147***258","手动","￥10,000.00元","2016-01-13 16:18"
"224","http://www.hongyundt.com/invest/investRecord?borrow_id=50","张***云","手动","￥5,000.00元","2016-01-13 14:15"
"225","http://www.hongyundt.com/invest/investRecord?borrow_id=50","万***意","手动","￥5,500.00元","2016-01-13 10:42"
"226","http://www.hongyundt.com/invest/investRecord?borrow_id=50","xud***dbm","手动","￥5,000.00元","2016-01-13 10:36"
"227","http://www.hongyundt.com/invest/investRecord?borrow_id=47","星***烁","手动","￥16,200.00元","2016-01-13 10:16"
"228","http://www.hongyundt.com/invest/investRecord?borrow_id=47","gnm***nmf","手动","￥8,500.00元","2016-01-13 10:04"
"229","http://www.hongyundt.com/invest/investRecord?borrow_id=47","茅***业","手动","￥5,600.00元","2016-01-13 09:41"
"230","http://www.hongyundt.com/invest/investRecord?borrow_id=47","eas***057","手动","￥2,000.00元","2016-01-12 16:46"
"231","http://www.hongyundt.com/invest/investRecord?borrow_id=47","伴***行","手动","￥6,500.00元","2016-01-12 13:51"
"232","http://www.hongyundt.com/invest/investRecord?borrow_id=47","mxc***xcd","手动","￥3,800.00元","2016-01-12 11:19"
"233","http://www.hongyundt.com/invest/investRecord?borrow_id=47","孤***就","手动","￥7,400.00元","2016-01-12 10:48"
"234","http://www.hongyundt.com/invest/investRecord?borrow_id=44","qwe***wer","手动","￥3,350.00元","2016-01-12 08:40"
"235","http://www.hongyundt.com/invest/investRecord?borrow_id=44","kio***006","手动","￥10,000.00元","2016-01-12 08:39"
"236","http://www.hongyundt.com/invest/investRecord?borrow_id=44","yua***uan","手动","￥15,000.00元","2016-01-11 16:02"
"237","http://www.hongyundt.com/invest/investRecord?borrow_id=44","孤***就","手动","￥13,000.00元","2016-01-11 14:38"
"238","http://www.hongyundt.com/invest/investRecord?borrow_id=44","就***始","手动","￥3,850.00元","2016-01-11 11:04"
"239","http://www.hongyundt.com/invest/investRecord?borrow_id=44","一***T8","手动","￥6,100.00元","2016-01-11 11:01"
"240","http://www.hongyundt.com/invest/investRecord?borrow_id=44","kio***006","手动","￥9,000.00元","2016-01-11 10:45"
"241","http://www.hongyundt.com/invest/investRecord?borrow_id=44","一***T8","手动","￥5,000.00元","2016-01-11 10:37"
"242","http://www.hongyundt.com/invest/investRecord?borrow_id=44","bff***ffk","手动","￥8,700.00元","2016-01-11 10:35"
"243","http://www.hongyundt.com/invest/investRecord?borrow_id=44","ngc***gcx","手动","￥6,000.00元","2016-01-11 10:32"
"244","http://www.hongyundt.com/invest/investRecord?borrow_id=40","yan***min","手动","￥67,000.00元","2016-01-09 16:42"
"245","http://www.hongyundt.com/invest/investRecord?borrow_id=38","com***omn","手动","￥10,000.00元","2016-01-09 17:09"
"246","http://www.hongyundt.com/invest/investRecord?borrow_id=38","wer***ert","手动","￥13,150.00元","2016-01-09 17:08"
"247","http://www.hongyundt.com/invest/investRecord?borrow_id=38","bff***ffk","手动","￥6,000.00元","2016-01-09 14:08"
"248","http://www.hongyundt.com/invest/investRecord?borrow_id=38","kio***006","手动","￥10,000.00元","2016-01-09 13:50"
"249","http://www.hongyundt.com/invest/investRecord?borrow_id=38","gnm***nmf","手动","￥3,350.00元","2016-01-09 11:06"
"250","http://www.hongyundt.com/invest/investRecord?borrow_id=38","bff***ffk","手动","￥4,000.00元","2016-01-09 10:52"
"251","http://www.hongyundt.com/invest/investRecord?borrow_id=38","kio***006","手动","￥5,500.00元","2016-01-09 10:50"
"252","http://www.hongyundt.com/invest/investRecord?borrow_id=38","开***果","手动","￥3,000.00元","2016-01-09 10:38"
"253","http://www.hongyundt.com/invest/investRecord?borrow_id=38","131***888","手动","￥5,000.00元","2016-01-09 10:34"
"254","http://www.hongyundt.com/invest/investRecord?borrow_id=35","qsx***sxc","手动","￥4,600.00元","2016-01-08 15:50"
"255","http://www.hongyundt.com/invest/investRecord?borrow_id=35","qaz***azx","手动","￥8,000.00元","2016-01-08 15:48"
"256","http://www.hongyundt.com/invest/investRecord?borrow_id=35","qwd***wds","手动","￥8,000.00元","2016-01-08 15:16"
"257","http://www.hongyundt.com/invest/investRecord?borrow_id=35","wer***ert","手动","￥6,000.00元","2016-01-08 15:05"
"258","http://www.hongyundt.com/invest/investRecord?borrow_id=35","qwe***wer","手动","￥8,000.00元","2016-01-08 14:46"
"259","http://www.hongyundt.com/invest/investRecord?borrow_id=35","就***始","手动","￥5,800.00元","2016-01-08 14:28"
"260","http://www.hongyundt.com/invest/investRecord?borrow_id=35","kio***006","手动","￥7,000.00元","2016-01-08 13:56"
"261","http://www.hongyundt.com/invest/investRecord?borrow_id=35","eas***057","手动","￥2,000.00元","2016-01-08 11:39"
"262","http://www.hongyundt.com/invest/investRecord?borrow_id=35","有***方","手动","￥11,000.00元","2016-01-08 11:34"
"263","http://www.hongyundt.com/invest/investRecord?borrow_id=35","mxc***xcd","手动","￥3,600.00元","2016-01-08 11:08"
"264","http://www.hongyundt.com/invest/investRecord?borrow_id=35","bff***ffk","手动","￥6,000.00元","2016-01-08 10:45"
"265","http://www.hongyundt.com/invest/investRecord?borrow_id=33","dan***gxq","手动","￥25,000.00元","2016-01-07 14:22"
"266","http://www.hongyundt.com/invest/investRecord?borrow_id=31","mxc***xcd","手动","￥8,500.00元","2016-01-07 16:54"
"267","http://www.hongyundt.com/invest/investRecord?borrow_id=31","幸***远","手动","￥8,600.00元","2016-01-07 16:52"
"268","http://www.hongyundt.com/invest/investRecord?borrow_id=31","ngc***gcx","手动","￥5,000.00元","2016-01-07 15:40"
"269","http://www.hongyundt.com/invest/investRecord?borrow_id=31","bff***ffk","手动","￥4,000.00元","2016-01-07 13:53"
"270","http://www.hongyundt.com/invest/investRecord?borrow_id=31","ngc***gcx","手动","￥1,600.00元","2016-01-07 10:36"
"271","http://www.hongyundt.com/invest/investRecord?borrow_id=31","xud***dbm","手动","￥2,300.00元","2016-01-07 10:31"
"272","http://www.hongyundt.com/invest/investRecord?borrow_id=28","ngc***gcx","手动","￥15,050.00元","2016-01-06 16:57"
"273","http://www.hongyundt.com/invest/investRecord?borrow_id=28","mxc***xcd","手动","￥6,200.00元","2016-01-06 16:43"
"274","http://www.hongyundt.com/invest/investRecord?borrow_id=28","可***里","手动","￥3,000.00元","2016-01-06 16:31"
"275","http://www.hongyundt.com/invest/investRecord?borrow_id=28","猴***祥","手动","￥2,000.00元","2016-01-06 14:47"
"276","http://www.hongyundt.com/invest/investRecord?borrow_id=28","xud***dbm","手动","￥2,700.00元","2016-01-06 13:13"
"277","http://www.hongyundt.com/invest/investRecord?borrow_id=28","bff***ffk","手动","￥10,200.00元","2016-01-06 11:32"
"278","http://www.hongyundt.com/invest/investRecord?borrow_id=28","就***始","手动","￥3,850.00元","2016-01-06 10:48"
"279","http://www.hongyundt.com/invest/investRecord?borrow_id=28","万***意","手动","￥5,000.00元","2016-01-06 10:32"
"280","http://www.hongyundt.com/invest/investRecord?borrow_id=28","wus***ei1","手动","￥2,000.00元","2016-01-06 10:30"
"281","http://www.hongyundt.com/invest/investRecord?borrow_id=25","喜***洋","手动","￥8,350.00元","2016-01-06 09:37"
"282","http://www.hongyundt.com/invest/investRecord?borrow_id=25","可***爱","手动","￥13,000.00元","2016-01-06 09:36"
"283","http://www.hongyundt.com/invest/investRecord?borrow_id=25","一***顺","手动","￥1,500.00元","2016-01-05 13:41"
"284","http://www.hongyundt.com/invest/investRecord?borrow_id=25","gnm***nmf","手动","￥16,500.00元","2016-01-05 12:47"
"285","http://www.hongyundt.com/invest/investRecord?borrow_id=25","幸***远","手动","￥3,650.00元","2016-01-05 11:01"
"286","http://www.hongyundt.com/invest/investRecord?borrow_id=25","路***甲","手动","￥2,000.00元","2016-01-05 10:38"
"287","http://www.hongyundt.com/invest/investRecord?borrow_id=25","bff***ffk","手动","￥5,000.00元","2016-01-05 10:30"
"288","http://www.hongyundt.com/invest/investRecord?borrow_id=22","一***T8","手动","￥9,050.00元","2016-01-04 16:47"
"289","http://www.hongyundt.com/invest/investRecord?borrow_id=22","gnm***nmf","手动","￥9,500.00元","2016-01-04 16:39"
"290","http://www.hongyundt.com/invest/investRecord?borrow_id=22","有***方","手动","￥12,300.00元","2016-01-04 16:06"
"291","http://www.hongyundt.com/invest/investRecord?borrow_id=22","eas***057","手动","￥250.00元","2016-01-04 15:03"
"292","http://www.hongyundt.com/invest/investRecord?borrow_id=22","孤***就","手动","￥18,300.00元","2016-01-04 14:45"
"293","http://www.hongyundt.com/invest/investRecord?borrow_id=22","无***惧","手动","￥9,900.00元","2016-01-04 10:30"
"294","http://www.hongyundt.com/invest/investRecord?borrow_id=22","秀***餐","手动","￥11,000.00元","2016-01-04 10:28"
"295","http://www.hongyundt.com/invest/investRecord?borrow_id=22","喜***洋","手动","￥7,700.00元","2016-01-04 10:27"
"296","http://www.hongyundt.com/invest/investRecord?borrow_id=14","yua***uan","手动","￥900.00元","2016-01-03 15:50"
"297","http://www.hongyundt.com/invest/investRecord?borrow_id=14","天***勤","手动","￥8,000.00元","2016-01-03 15:50"
"298","http://www.hongyundt.com/invest/investRecord?borrow_id=14","当***当","手动","￥10,000.00元","2016-01-03 15:49"
"299","http://www.hongyundt.com/invest/investRecord?borrow_id=14","198***111","手动","￥10,000.00元","2016-01-03 10:45"
"300","http://www.hongyundt.com/invest/investRecord?borrow_id=14","eas***057","手动","￥2,100.00元","2016-01-02 17:22"
"301","http://www.hongyundt.com/invest/investRecord?borrow_id=14","yua***uan","手动","￥9,000.00元","2016-01-01 11:17"
"302","http://www.hongyundt.com/invest/investRecord?borrow_id=13","菜***菜","手动","￥15,050.00元","2016-01-04 09:35"
"303","http://www.hongyundt.com/invest/investRecord?borrow_id=13","天***勤","手动","￥8,500.00元","2016-01-04 09:35"
"304","http://www.hongyundt.com/invest/investRecord?borrow_id=13","198***111","手动","￥10,050.00元","2016-01-04 09:34"
"305","http://www.hongyundt.com/invest/investRecord?borrow_id=13","张***云","手动","￥7,000.00元","2016-01-03 17:01"
"306","http://www.hongyundt.com/invest/investRecord?borrow_id=13","775***521","手动","￥16,500.00元","2016-01-03 17:00"
"307","http://www.hongyundt.com/invest/investRecord?borrow_id=13","李***啦","手动","￥3,950.00元","2016-01-03 11:33"
"308","http://www.hongyundt.com/invest/investRecord?borrow_id=13","逆***受","手动","￥4,400.00元","2016-01-03 11:29"
"309","http://www.hongyundt.com/invest/investRecord?borrow_id=13","逆***受","手动","￥13,200.00元","2016-01-03 11:25"
"310","http://www.hongyundt.com/invest/investRecord?borrow_id=13","198***111","手动","￥4,100.00元","2016-01-03 11:22"
"311","http://www.hongyundt.com/invest/investRecord?borrow_id=13","131***888","手动","￥5,000.00元","2016-01-03 10:21"
"312","http://www.hongyundt.com/invest/investRecord?borrow_id=13","投***运","手动","￥2,000.00元","2016-01-03 10:20"
"313","http://www.hongyundt.com/invest/investRecord?borrow_id=13","TT8***569","手动","￥4,000.00元","2016-01-02 14:07"
"314","http://www.hongyundt.com/invest/investRecord?borrow_id=13","qiq***izi","手动","￥2,000.00元","2016-01-01 11:20"
"315","http://www.hongyundt.com/invest/investRecord?borrow_id=13","yua***uan","手动","￥4,300.00元","2016-01-01 11:18"
"316","http://www.hongyundt.com/invest/investRecord?borrow_id=13","xoh***992","手动","￥900.00元","2016-01-01 11:08"
"317","http://www.hongyundt.com/invest/investRecord?borrow_id=13","a<e8><U+008B>***<U+00E7><U+00BF><U+00A0>","<U+00E6><U+0089><U+008B><U+00E5><U+008A>¨","<U+00EF><U+00BF>￥6,050.00<U+00E5><U+0085><U+0083>","2016-01-01 10:50"
"318","http://www.hongyundt.com/invest/investRecord?borrow_id=13","<U+00E5><U+00BD><U+0093>***<U+00E5><U+00BD><U+0093>","<U+00E6><U+0089><U+008B><U+00E5><U+008A>¨","<U+00EF><U+00BF>￥13,000.00<U+00E5><U+0085><U+0083>","2016-01-01 10:50"
"319","http://www.hongyundt.com/invest/investRecord?borrow_id=13","<U+00E4>1<U+0090>***<U+00E4>1<U+0090>","<U+00E6><U+0089><U+008B><U+00E5><U+008A>¨","<U+00EF><U+00BF>￥10,000.00<U+00E5><U+0085><U+0083>","2016-01-01 10:50"
"320","http://www.hongyundt.com/invest/investRecord?borrow_id=9","张***云","手动","￥7,100.00元","2015-12-31 16:53"
"321","http://www.hongyundt.com/invest/investRecord?borrow_id=9","就***始","手动","￥11,000.00元","2015-12-31 15:55"
"322","http://www.hongyundt.com/invest/investRecord?borrow_id=9","741***明","手动","￥2,100.00元","2015-12-31 13:42"
"323","http://www.hongyundt.com/invest/investRecord?borrow_id=9","xoh***992","手动","￥20,000.00元","2015-12-31 10:55"
"324","http://www.hongyundt.com/invest/investRecord?borrow_id=9","bff***ffk","手动","￥5,000.00元","2015-12-31 10:51"
"325","http://www.hongyundt.com/invest/investRecord?borrow_id=9","yan***i88","手动","￥2,000.00元","2015-12-31 10:30"
"326","http://www.hongyundt.com/invest/investRecord?borrow_id=9","孤***就","手动","￥2,800.00元","2015-12-31 10:30"
"327","http://www.hongyundt.com/invest/investRecord?borrow_id=6","孤***就","手动","￥3,050.00元","2015-12-30 16:16"
"328","http://www.hongyundt.com/invest/investRecord?borrow_id=6","a<e8><U+008B>***<U+00E7><U+00BF><U+00A0>","<U+00E6><U+0089><U+008B><U+00E5><U+008A>¨","<U+00EF><U+00BF>￥7,100.00<U+00E5><U+0085><U+0083>","2015-12-30 14:32"
"329","http://www.hongyundt.com/invest/investRecord?borrow_id=6","<U+00E4>1<U+0090>***<U+00E4>1<U+0090>","<U+00E6><U+0089><U+008B><U+00E5><U+008A>¨","<U+00EF><U+00BF>￥6,500.00<U+00E5><U+0085><U+0083>","2015-12-30 14:02"
"330","http://www.hongyundt.com/invest/investRecord?borrow_id=6","qij***ong","<U+00E6><U+0089><U+008B><U+00E5><U+008A>¨","<U+00EF><U+00BF>￥200.00<U+00E5><U+0085><U+0083>","2015-12-30 13:35"
"331","http://www.hongyundt.com/invest/investRecord?borrow_id=6","<U+00E5>1<U+00B8>***è<U+00BF><U+009C>","<U+00E6><U+0089><U+008B><U+00E5><U+008A>¨","<U+00EF><U+00BF>￥4,300.00<U+00E5><U+0085><U+0083>","2015-12-30 13:30"
"332","http://www.hongyundt.com/invest/investRecord?borrow_id=6","dan***gxq","手动","￥5,100.00元","2015-12-30 11:25"
"333","http://www.hongyundt.com/invest/investRecord?borrow_id=6","菜***菜","手动","￥5,750.00元","2015-12-30 11:04"
"334","http://www.hongyundt.com/invest/investRecord?borrow_id=6","张***云","手动","￥1,000.00元","2015-12-30 11:01"
"335","http://www.hongyundt.com/invest/investRecord?borrow_id=6","xud***dbm","手动","￥2,300.00元","2015-12-30 10:52"
"336","http://www.hongyundt.com/invest/investRecord?borrow_id=6","菜***菜","手动","￥1,700.00元","2015-12-30 10:38"
"337","http://www.hongyundt.com/invest/investRecord?borrow_id=6","米***粒","手动","￥3,000.00元","2015-12-30 10:31"
"338","http://www.hongyundt.com/invest/investRecord?borrow_id=6","米***粒","手动","￥3,000.00元","2015-12-30 10:31"
"339","http://www.hongyundt.com/invest/investRecord?borrow_id=6","ss5***521","手动","￥5,000.00元","2015-12-30 10:30"
"340","http://www.hongyundt.com/invest/investRecord?borrow_id=6","yan***min","手动","￥2,000.00元","2015-12-30 10:30"
"341","http://www.hongyundt.com/invest/investRecord?borrow_id=4","198***111","手动","￥7,000.00元","2015-12-29 16:29"
"342","http://www.hongyundt.com/invest/investRecord?borrow_id=4","伴***行","手动","￥4,000.00元","2015-12-29 16:19"
"343","http://www.hongyundt.com/invest/investRecord?borrow_id=4","大***树","手动","￥5,200.00元","2015-12-29 16:18"
"344","http://www.hongyundt.com/invest/investRecord?borrow_id=4","上***若","手动","￥5,000.00元","2015-12-29 16:18"
"345","http://www.hongyundt.com/invest/investRecord?borrow_id=4","李***啦","手动","￥11,000.00元","2015-12-29 14:46"
"346","http://www.hongyundt.com/invest/investRecord?borrow_id=4","乐***乐","手动","￥5,300.00元","2015-12-29 14:12"
"347","http://www.hongyundt.com/invest/investRecord?borrow_id=4","依***依","手动","￥4,000.00元","2015-12-29 14:11"
"348","http://www.hongyundt.com/invest/investRecord?borrow_id=4","好***来","手动","￥9,300.00元","2015-12-29 14:10"
"349","http://www.hongyundt.com/invest/investRecord?borrow_id=4","gnm***nmf","手动","￥3,600.00元","2015-12-29 14:10"
"350","http://www.hongyundt.com/invest/investRecord?borrow_id=4","财***生","手动","￥5,600.00元","2015-12-29 14:00"
"351","http://www.hongyundt.com/invest/investRecord?borrow_id=3","大***树","手动","￥4,300.00元","2015-12-29 16:18"
"352","http://www.hongyundt.com/invest/investRecord?borrow_id=3","xud***dbm","手动","￥850.00元","2015-12-29 14:12"
"353","http://www.hongyundt.com/invest/investRecord?borrow_id=3","乐***乐","手动","￥5,000.00元","2015-12-29 10:55"
"354","http://www.hongyundt.com/invest/investRecord?borrow_id=3","米***粒","手动","￥5,000.00元","2015-12-29 10:54"
"355","http://www.hongyundt.com/invest/investRecord?borrow_id=3","米***粒","手动","￥8,500.00元","2015-12-29 10:53"
"356","http://www.hongyundt.com/invest/investRecord?borrow_id=3","苏***123","手动","￥7,750.00元","2015-12-29 10:53"
"357","http://www.hongyundt.com/invest/investRecord?borrow_id=3","上***若","手动","￥5,000.00元","2015-12-29 10:52"
"358","http://www.hongyundt.com/invest/investRecord?borrow_id=3","财***生","手动","￥2,000.00元","2015-12-29 10:52"
"359","http://www.hongyundt.com/invest/investRecord?borrow_id=3","路***甲","手动","￥8,500.00元","2015-12-29 10:49"
"360","http://www.hongyundt.com/invest/investRecord?borrow_id=3","魅***生","手动","￥3,100.00元","2015-12-29 10:47"
"361","http://www.hongyundt.com/invest/investRecord?borrow_id=94","asd***123","手动","￥850.00元","2016-01-29 10:34"
"362","http://www.hongyundt.com/invest/investRecord?borrow_id=94","wer***123","手动","￥10,000.00元","2016-01-29 10:34"
"363","http://www.hongyundt.com/invest/investRecord?borrow_id=94","一***顺","手动","￥7,000.00元","2016-01-29 10:33"
"364","http://www.hongyundt.com/invest/investRecord?borrow_id=94","qwe***ert","手动","￥10,000.00元","2016-01-29 10:33"
"365","http://www.hongyundt.com/invest/investRecord?borrow_id=94","zxc***123","手动","￥10,000.00元","2016-01-29 10:31"
"366","http://www.hongyundt.com/invest/investRecord?borrow_id=94","zxc***456","手动","￥10,000.00元","2016-01-29 10:31"
"367","http://www.hongyundt.com/invest/investRecord?borrow_id=94","eas***057","手动","￥2,150.00元","2016-01-29 10:31"
"368","http://www.hongyundt.com/invest/investRecord?borrow_id=94","dfs***789","手动","￥10,000.00元","2016-01-29 10:30"
"369","http://www.hongyundt.com/invest/investRecord?borrow_id=90","123***3mm","手动","￥2,000.00元","2016-01-28 10:34"
"370","http://www.hongyundt.com/invest/investRecord?borrow_id=90","马***kui","手动","￥10,000.00元","2016-01-28 10:33"
"371","http://www.hongyundt.com/invest/investRecord?borrow_id=90","一***顺","手动","￥3,000.00元","2016-01-28 10:33"
"372","http://www.hongyundt.com/invest/investRecord?borrow_id=90","123***456","手动","￥5,000.00元","2016-01-28 10:32"
"373","http://www.hongyundt.com/invest/investRecord?borrow_id=90","范***冰","手动","￥5,000.00元","2016-01-28 10:32"
"374","http://www.hongyundt.com/invest/investRecord?borrow_id=90","qwe***ert","手动","￥3,000.00元","2016-01-28 10:31"
"375","http://www.hongyundt.com/invest/investRecord?borrow_id=90","L41***428","手动","￥10,000.00元","2016-01-28 10:31"
"376","http://www.hongyundt.com/invest/investRecord?borrow_id=90","488***885","手动","￥10,000.00元","2016-01-28 10:30"
"377","http://www.hongyundt.com/invest/investRecord?borrow_id=90","范***冰","手动","￥2,000.00元","2016-01-28 10:29"
"378","http://www.hongyundt.com/invest/investRecord?borrow_id=80","马***kui","手动","￥3,000.00元","2016-01-24 10:31"
"379","http://www.hongyundt.com/invest/investRecord?borrow_id=80","123***456","手动","￥5,000.00元","2016-01-24 10:30"
"380","http://www.hongyundt.com/invest/investRecord?borrow_id=80","YU3***250","手动","￥5,000.00元","2016-01-24 10:30"
"381","http://www.hongyundt.com/invest/investRecord?borrow_id=80","z31***596","手动","￥5,000.00元","2016-01-24 10:30"
"382","http://www.hongyundt.com/invest/investRecord?borrow_id=77","liu***121","手动","￥6,700.00元","2016-01-23 10:08"
"383","http://www.hongyundt.com/invest/investRecord?borrow_id=77","张***309","手动","￥10,000.00元","2016-01-23 10:07"
"384","http://www.hongyundt.com/invest/investRecord?borrow_id=77","星***烁","手动","￥10,000.00元","2016-01-23 10:06"
"385","http://www.hongyundt.com/invest/investRecord?borrow_id=77","jin***ng3","手动","￥4,800.00元","2016-01-23 10:05"
"386","http://www.hongyundt.com/invest/investRecord?borrow_id=77","YU3***250","手动","￥5,000.00元","2016-01-23 10:04"
"387","http://www.hongyundt.com/invest/investRecord?borrow_id=77","xuz***zhi","手动","￥10,000.00元","2016-01-23 10:02"
"388","http://www.hongyundt.com/invest/investRecord?borrow_id=77","伴***行","手动","￥3,500.00元","2016-01-23 10:01"
"389","http://www.hongyundt.com/invest/investRecord?borrow_id=77","297***388","手动","￥10,000.00元","2016-01-23 10:01"
"390","http://www.hongyundt.com/invest/investRecord?borrow_id=74","741***明","手动","￥2,800.00元","2016-01-22 10:11"
"391","http://www.hongyundt.com/invest/investRecord?borrow_id=74","TT8***569","手动","￥10,000.00元","2016-01-22 10:10"
"392","http://www.hongyundt.com/invest/investRecord?borrow_id=74","qiq***izi","手动","￥10,000.00元","2016-01-22 10:08"
"393","http://www.hongyundt.com/invest/investRecord?borrow_id=74","wus***ei1","手动","￥8,200.00元","2016-01-22 10:07"
"394","http://www.hongyundt.com/invest/investRecord?borrow_id=74","xia***123","手动","￥10,000.00元","2016-01-22 10:05"
"395","http://www.hongyundt.com/invest/investRecord?borrow_id=74","coh***762","手动","￥10,000.00元","2016-01-22 10:03"
"396","http://www.hongyundt.com/invest/investRecord?borrow_id=74","一***顺","手动","￥2,000.00元","2016-01-22 10:03"
"397","http://www.hongyundt.com/invest/investRecord?borrow_id=74","Wxi***768","手动","￥6,850.00元","2016-01-22 10:02"
"398","http://www.hongyundt.com/invest/investRecord?borrow_id=74","mei***564","手动","￥10,000.00元","2016-01-22 10:01"
"399","http://www.hongyundt.com/invest/investRecord?borrow_id=74","LXM***876","手动","￥7,100.00元","2016-01-22 10:00"
"400","http://www.hongyundt.com/invest/investRecord?borrow_id=74","you***ung","手动","￥3,050.00元","2016-01-22 10:00"
"401","http://www.hongyundt.com/invest/investRecord?borrow_id=71","jan***ice","手动","￥3,000.00元","2016-01-21 10:14"
"402","http://www.hongyundt.com/invest/investRecord?borrow_id=71","好***来","手动","￥10,000.00元","2016-01-21 10:14"
"403","http://www.hongyundt.com/invest/investRecord?borrow_id=71","可***里","手动","￥10,000.00元","2016-01-21 10:13"
"404","http://www.hongyundt.com/invest/investRecord?borrow_id=71","不***爱","手动","￥10,000.00元","2016-01-21 10:12"
"405","http://www.hongyundt.com/invest/investRecord?borrow_id=71","当***当","手动","￥10,000.00元","2016-01-21 10:09"
"406","http://www.hongyundt.com/invest/investRecord?borrow_id=71","wan***xun","手动","￥5,000.00元","2016-01-21 10:08"
"407","http://www.hongyundt.com/invest/investRecord?borrow_id=71","大***树","手动","￥10,000.00元","2016-01-21 10:07"
"408","http://www.hongyundt.com/invest/investRecord?borrow_id=71","QQ7***654","手动","￥8,000.00元","2016-01-21 10:07"
"409","http://www.hongyundt.com/invest/investRecord?borrow_id=71","逆***受","手动","￥10,000.00元","2016-01-21 10:06"
"410","http://www.hongyundt.com/invest/investRecord?borrow_id=71","喜***洋","手动","￥4,000.00元","2016-01-21 10:04"
"411","http://www.hongyundt.com/invest/investRecord?borrow_id=68","不***爱","手动","￥7,300.00元","2016-01-20 10:03"
"412","http://www.hongyundt.com/invest/investRecord?borrow_id=68","路***甲","手动","￥5,000.00元","2016-01-20 10:03"
"413","http://www.hongyundt.com/invest/investRecord?borrow_id=68","xia***123","手动","￥10,000.00元","2016-01-20 10:02"
"414","http://www.hongyundt.com/invest/investRecord?borrow_id=68","马***kui","手动","￥10,000.00元","2016-01-20 10:02"
"415","http://www.hongyundt.com/invest/investRecord?borrow_id=68","xud***dbm","手动","￥8,600.00元","2016-01-20 10:02"
"416","http://www.hongyundt.com/invest/investRecord?borrow_id=68","coh***762","手动","￥9,000.00元","2016-01-20 10:01"
"417","http://www.hongyundt.com/invest/investRecord?borrow_id=68","gnm***nmf","手动","￥10,000.00元","2016-01-20 10:01"
"418","http://www.hongyundt.com/invest/investRecord?borrow_id=68","L41***428","手动","￥2,100.00元","2016-01-20 10:00"
"419","http://www.hongyundt.com/invest/investRecord?borrow_id=68","z31***596","手动","￥10,000.00元","2016-01-20 10:00"
"420","http://www.hongyundt.com/invest/investRecord?borrow_id=68","kio***006","手动","￥8,000.00元","2016-01-20 10:00"
"421","http://www.hongyundt.com/invest/investRecord?borrow_id=65","bff***ffk","手动","￥4,950.00元","2016-01-19 10:03"
"422","http://www.hongyundt.com/invest/investRecord?borrow_id=65","coh***762","手动","￥7,000.00元","2016-01-19 10:03"
"423","http://www.hongyundt.com/invest/investRecord?borrow_id=65","fqj***xxx","手动","￥50.00元","2016-01-19 10:02"
"424","http://www.hongyundt.com/invest/investRecord?borrow_id=65","Num***umb","手动","￥2,000.00元","2016-01-19 10:02"
"425","http://www.hongyundt.com/invest/investRecord?borrow_id=65","就***始","手动","￥10,000.00元","2016-01-19 10:02"
"426","http://www.hongyundt.com/invest/investRecord?borrow_id=65","依***依","手动","￥10,000.00元","2016-01-19 10:02"
"427","http://www.hongyundt.com/invest/investRecord?borrow_id=65","tin***864","手动","￥6,000.00元","2016-01-19 10:01"
"428","http://www.hongyundt.com/invest/investRecord?borrow_id=65","微***怀","手动","￥10,000.00元","2016-01-19 10:01"
"429","http://www.hongyundt.com/invest/investRecord?borrow_id=65","孤***就","手动","￥6,000.00元","2016-01-19 10:01"
"430","http://www.hongyundt.com/invest/investRecord?borrow_id=65","kio***006","手动","￥10,000.00元","2016-01-19 10:01"
"431","http://www.hongyundt.com/invest/investRecord?borrow_id=65","喜***洋","手动","￥4,000.00元","2016-01-19 10:01"
"432","http://www.hongyundt.com/invest/investRecord?borrow_id=65","mxc***xcd","手动","￥10,000.00元","2016-01-19 10:00"
"433","http://www.hongyundt.com/invest/investRecord?borrow_id=62","bff***ffk","手动","￥5,800.00元","2016-01-18 10:07"
"434","http://www.hongyundt.com/invest/investRecord?borrow_id=62","星***烁","手动","￥6,700.00元","2016-01-18 10:06"
"435","http://www.hongyundt.com/invest/investRecord?borrow_id=62","ngc***gcx","手动","￥8,000.00元","2016-01-18 10:06"
"436","http://www.hongyundt.com/invest/investRecord?borrow_id=62","xud***dbm","手动","￥10,000.00元","2016-01-18 10:05"
"437","http://www.hongyundt.com/invest/investRecord?borrow_id=62","一***顺","手动","￥8,000.00元","2016-01-18 10:05"
"438","http://www.hongyundt.com/invest/investRecord?borrow_id=62","gnm***nmf","手动","￥10,000.00元","2016-01-18 10:05"
"439","http://www.hongyundt.com/invest/investRecord?borrow_id=62","kio***006","手动","￥6,500.00元","2016-01-18 10:04"
"440","http://www.hongyundt.com/invest/investRecord?borrow_id=62","wan***xun","手动","￥5,000.00元","2016-01-18 10:03"
"441","http://www.hongyundt.com/invest/investRecord?borrow_id=62","依***依","手动","￥10,000.00元","2016-01-18 10:03"
"442","http://www.hongyundt.com/invest/investRecord?borrow_id=62","万***意","手动","￥10,000.00元","2016-01-18 10:02"
"443","http://www.hongyundt.com/invest/investRecord?borrow_id=61","LXM***876","手动","￥3,000.00元","2016-01-17 10:30"
"444","http://www.hongyundt.com/invest/investRecord?borrow_id=61","zha***555","手动","￥5,000.00元","2016-01-17 10:30"
"445","http://www.hongyundt.com/invest/investRecord?borrow_id=61","kio***006","手动","￥5,000.00元","2016-01-17 10:30"
"446","http://www.hongyundt.com/invest/investRecord?borrow_id=61","mxc***xcd","手动","￥5,000.00元","2016-01-17 10:30"
"447","http://www.hongyundt.com/invest/investRecord?borrow_id=58","com***omn","手动","￥5,500.00元","2016-01-16 10:12"
"448","http://www.hongyundt.com/invest/investRecord?borrow_id=58","wus***ei1","手动","￥10,000.00元","2016-01-16 10:12"
"449","http://www.hongyundt.com/invest/investRecord?borrow_id=58","qwd***wds","手动","￥9,000.00元","2016-01-16 10:08"
"450","http://www.hongyundt.com/invest/investRecord?borrow_id=58","yue***yue","手动","￥10,000.00元","2016-01-16 10:07"
"451","http://www.hongyundt.com/invest/investRecord?borrow_id=58","qsx***sxc","手动","￥6,000.00元","2016-01-16 10:07"
"452","http://www.hongyundt.com/invest/investRecord?borrow_id=58","buh***uha","手动","￥7,000.00元","2016-01-16 10:07"
"453","http://www.hongyundt.com/invest/investRecord?borrow_id=58","qaz***azx","手动","￥8,000.00元","2016-01-16 10:05"
"454","http://www.hongyundt.com/invest/investRecord?borrow_id=58","qwe***wer","手动","￥7,500.00元","2016-01-16 10:04"
"455","http://www.hongyundt.com/invest/investRecord?borrow_id=58","不***爱","手动","￥7,000.00元","2016-01-16 10:04"
"456","http://www.hongyundt.com/invest/investRecord?borrow_id=58","kio***006","手动","￥10,000.00元","2016-01-16 10:02"
"457","http://www.hongyundt.com/invest/investRecord?borrow_id=55","就***始","手动","￥2,000.00元","2016-01-15 10:04"
"458","http://www.hongyundt.com/invest/investRecord?borrow_id=55","qsx***sxc","手动","￥7,500.00元","2016-01-15 10:03"
"459","http://www.hongyundt.com/invest/investRecord?borrow_id=55","孤***就","手动","￥6,500.00元","2016-01-15 10:03"
"460","http://www.hongyundt.com/invest/investRecord?borrow_id=55","qaz***azx","手动","￥10,000.00元","2016-01-15 10:02"
"461","http://www.hongyundt.com/invest/investRecord?borrow_id=55","mxc***xcd","手动","￥10,000.00元","2016-01-15 10:02"
"462","http://www.hongyundt.com/invest/investRecord?borrow_id=55","张***云","手动","￥5,500.00元","2016-01-15 10:02"
"463","http://www.hongyundt.com/invest/investRecord?borrow_id=55","ss5***521","手动","￥10,000.00元","2016-01-15 10:02"
"464","http://www.hongyundt.com/invest/investRecord?borrow_id=55","微***怀","手动","￥10,000.00元","2016-01-15 10:01"
"465","http://www.hongyundt.com/invest/investRecord?borrow_id=55","qwe***wer","手动","￥7,500.00元","2016-01-15 10:01"
"466","http://www.hongyundt.com/invest/investRecord?borrow_id=55","kio***006","手动","￥6,000.00元","2016-01-15 10:01"
"467","http://www.hongyundt.com/invest/investRecord?borrow_id=55","eas***057","手动","￥5,000.00元","2016-01-15 10:01"
"468","http://www.hongyundt.com/invest/investRecord?borrow_id=52","NNt***tao","手动","￥2,200.00元","2016-01-14 10:05"
"469","http://www.hongyundt.com/invest/investRecord?borrow_id=52","诗***意","手动","￥5,000.00元","2016-01-14 10:03"
"470","http://www.hongyundt.com/invest/investRecord?borrow_id=52","QQ7***654","手动","￥8,050.00元","2016-01-14 10:02"
"471","http://www.hongyundt.com/invest/investRecord?borrow_id=52","131***888","手动","￥9,650.00元","2016-01-14 10:02"
"472","http://www.hongyundt.com/invest/investRecord?borrow_id=52","诗***意","手动","￥5,000.00元","2016-01-14 10:02"
"473","http://www.hongyundt.com/invest/investRecord?borrow_id=52","依***依","手动","￥10,000.00元","2016-01-14 10:02"
"474","http://www.hongyundt.com/invest/investRecord?borrow_id=52","投***运","手动","￥8,100.00元","2016-01-14 10:01"
"475","http://www.hongyundt.com/invest/investRecord?borrow_id=52","宝***利","手动","￥10,000.00元","2016-01-14 10:01"
"476","http://www.hongyundt.com/invest/investRecord?borrow_id=52","茅***业","手动","￥10,000.00元","2016-01-14 10:00"
"477","http://www.hongyundt.com/invest/investRecord?borrow_id=52","Num***umb","手动","￥10,000.00元","2016-01-14 10:00"
"478","http://www.hongyundt.com/invest/investRecord?borrow_id=52","yan***ong","手动","￥2,000.00元","2016-01-14 10:00"
"479","http://www.hongyundt.com/invest/investRecord?borrow_id=49","mxc***xcd","手动","￥4,000.00元","2016-01-13 10:02"
"480","http://www.hongyundt.com/invest/investRecord?borrow_id=49","依***依","手动","￥10,000.00元","2016-01-13 10:02"
"481","http://www.hongyundt.com/invest/investRecord?borrow_id=49","qwe***wer","手动","￥10,000.00元","2016-01-13 10:02"
"482","http://www.hongyundt.com/invest/investRecord?borrow_id=49","微***怀","手动","￥10,000.00元","2016-01-13 10:01"
"483","http://www.hongyundt.com/invest/investRecord?borrow_id=49","kio***006","手动","￥8,000.00元","2016-01-13 10:01"
"484","http://www.hongyundt.com/invest/investRecord?borrow_id=49","QQ7***654","手动","￥8,000.00元","2016-01-13 10:01"
"485","http://www.hongyundt.com/invest/investRecord?borrow_id=49","z74***258","手动","￥10,000.00元","2016-01-13 10:00"
"486","http://www.hongyundt.com/invest/investRecord?borrow_id=49","孤***就","手动","￥10,000.00元","2016-01-13 10:00"
"487","http://www.hongyundt.com/invest/investRecord?borrow_id=49","yan***i88","手动","￥10,000.00元","2016-01-13 10:00"
"488","http://www.hongyundt.com/invest/investRecord?borrow_id=48","茅***业","手动","￥10,400.00元","2016-01-13 09:58"
"489","http://www.hongyundt.com/invest/investRecord?borrow_id=48","131***888","手动","￥8,550.00元","2016-01-13 09:39"
"490","http://www.hongyundt.com/invest/investRecord?borrow_id=48","Num***umb","手动","￥10,000.00元","2016-01-12 19:02"
"491","http://www.hongyundt.com/invest/investRecord?borrow_id=48","QQ7***654","手动","￥2,000.00元","2016-01-12 19:01"
"492","http://www.hongyundt.com/invest/investRecord?borrow_id=48","ss5***521","手动","￥10,000.00元","2016-01-12 18:24"
"493","http://www.hongyundt.com/invest/investRecord?borrow_id=48","eas***057","手动","￥4,050.00元","2016-01-12 17:40"
"494","http://www.hongyundt.com/invest/investRecord?borrow_id=48","伴***行","手动","￥5,000.00元","2016-01-12 14:15"
"495","http://www.hongyundt.com/invest/investRecord?borrow_id=48","yan***min","手动","￥10,000.00元","2016-01-12 14:03"
"496","http://www.hongyundt.com/invest/investRecord?borrow_id=46","yan***i88","手动","￥2,000.00元","2016-01-12 10:02"
"497","http://www.hongyundt.com/invest/investRecord?borrow_id=46","Num***umb","手动","￥10,000.00元","2016-01-12 10:01"
"498","http://www.hongyundt.com/invest/investRecord?borrow_id=46","131***888","手动","￥10,000.00元","2016-01-12 10:01"
"499","http://www.hongyundt.com/invest/investRecord?borrow_id=46","mxc***xcd","手动","￥10,000.00元","2016-01-12 10:01"
"500","http://www.hongyundt.com/invest/investRecord?borrow_id=46","张***云","手动","￥8,000.00元","2016-01-12 10:01"
"501","http://www.hongyundt.com/invest/investRecord?borrow_id=46","yan***min","手动","￥10,000.00元","2016-01-12 10:01"
"502","http://www.hongyundt.com/invest/investRecord?borrow_id=46","kio***006","手动","￥10,000.00元","2016-01-12 10:01"
"503","http://www.hongyundt.com/invest/investRecord?borrow_id=46","可***里","手动","￥10,000.00元","2016-01-12 10:01"
"504","http://www.hongyundt.com/invest/investRecord?borrow_id=46","ss5***521","手动","￥10,000.00元","2016-01-12 10:01"
"505","http://www.hongyundt.com/invest/investRecord?borrow_id=45","路***甲","手动","￥10,000.00元","2016-01-11 14:07"
"506","http://www.hongyundt.com/invest/investRecord?borrow_id=45","kio***006","手动","￥5,000.00元","2016-01-11 14:06"
"507","http://www.hongyundt.com/invest/investRecord?borrow_id=45","mxc***xcd","手动","￥5,000.00元","2016-01-11 14:05"
"508","http://www.hongyundt.com/invest/investRecord?borrow_id=45","一***顺","手动","￥4,500.00元","2016-01-11 14:04"
"509","http://www.hongyundt.com/invest/investRecord?borrow_id=45","一***T8","手动","￥5,500.00元","2016-01-11 14:04"
"510","http://www.hongyundt.com/invest/investRecord?borrow_id=45","yan***min","手动","￥15,000.00元","2016-01-11 14:02"
"511","http://www.hongyundt.com/invest/investRecord?borrow_id=45","yan***i88","手动","￥15,000.00元","2016-01-11 14:02"
"512","http://www.hongyundt.com/invest/investRecord?borrow_id=43","bff***ffk","手动","￥9,000.00元","2016-01-11 10:14"
"513","http://www.hongyundt.com/invest/investRecord?borrow_id=43","mxc***xcd","手动","￥10,000.00元","2016-01-11 10:13"
"514","http://www.hongyundt.com/invest/investRecord?borrow_id=43","就***始","手动","￥10,000.00元","2016-01-11 10:12"
"515","http://www.hongyundt.com/invest/investRecord?borrow_id=43","微***怀","手动","￥10,000.00元","2016-01-11 10:11"
"516","http://www.hongyundt.com/invest/investRecord?borrow_id=43","孤***就","手动","￥10,000.00元","2016-01-11 10:10"
"517","http://www.hongyundt.com/invest/investRecord?borrow_id=43","开***果","手动","￥6,000.00元","2016-01-11 10:05"
"518","http://www.hongyundt.com/invest/investRecord?borrow_id=43","猴***祥","手动","￥5,000.00元","2016-01-11 10:02"
"519","http://www.hongyundt.com/invest/investRecord?borrow_id=43","yan***min","手动","￥10,000.00元","2016-01-11 10:00"
"520","http://www.hongyundt.com/invest/investRecord?borrow_id=43","yan***i88","手动","￥10,000.00元","2016-01-11 10:00"
"521","http://www.hongyundt.com/invest/investRecord?borrow_id=41","kio***006","手动","￥3,000.00元","2016-01-10 10:30"
"522","http://www.hongyundt.com/invest/investRecord?borrow_id=41","yan***i88","手动","￥5,000.00元","2016-01-10 10:30"
"523","http://www.hongyundt.com/invest/investRecord?borrow_id=41","就***始","手动","￥5,000.00元","2016-01-10 10:30"
"524","http://www.hongyundt.com/invest/investRecord?borrow_id=41","yan***min","手动","￥5,000.00元","2016-01-10 10:30"
"525","http://www.hongyundt.com/invest/investRecord?borrow_id=39","qwd***wds","手动","￥8,150.00元","2016-01-09 17:04"
"526","http://www.hongyundt.com/invest/investRecord?borrow_id=39","xud***dbm","手动","￥20,350.00元","2016-01-09 17:01"
"527","http://www.hongyundt.com/invest/investRecord?borrow_id=39","gnm***nmf","手动","￥15,000.00元","2016-01-09 15:21"
"528","http://www.hongyundt.com/invest/investRecord?borrow_id=39","ngc***gcx","手动","￥6,500.00元","2016-01-09 14:03"
"529","http://www.hongyundt.com/invest/investRecord?borrow_id=39","yan***i88","手动","￥10,000.00元","2016-01-09 14:01"
"530","http://www.hongyundt.com/invest/investRecord?borrow_id=37","qsx***sxc","手动","￥7,350.00元","2016-01-09 10:05"
"531","http://www.hongyundt.com/invest/investRecord?borrow_id=37","茅***业","手动","￥9,100.00元","2016-01-09 10:05"
"532","http://www.hongyundt.com/invest/investRecord?borrow_id=37","星***烁","手动","￥10,000.00元","2016-01-09 10:05"
"533","http://www.hongyundt.com/invest/investRecord?borrow_id=37","qwe***wer","手动","￥10,000.00元","2016-01-09 10:05"
"534","http://www.hongyundt.com/invest/investRecord?borrow_id=37","投***运","手动","￥8,550.00元","2016-01-09 10:04"
"535","http://www.hongyundt.com/invest/investRecord?borrow_id=37","kio***006","手动","￥5,000.00元","2016-01-09 10:04"
"536","http://www.hongyundt.com/invest/investRecord?borrow_id=37","131***888","手动","￥10,000.00元","2016-01-09 10:03"
"537","http://www.hongyundt.com/invest/investRecord?borrow_id=37","yan***min","手动","￥10,000.00元","2016-01-09 10:02"
"538","http://www.hongyundt.com/invest/investRecord?borrow_id=37","yan***i88","手动","￥10,000.00元","2016-01-09 10:01"
"539","http://www.hongyundt.com/invest/investRecord?borrow_id=36","ngc***gcx","手动","￥13,800.00元","2016-01-08 15:48"
"540","http://www.hongyundt.com/invest/investRecord?borrow_id=36","zxc***xcv","手动","￥8,000.00元","2016-01-08 15:46"
"541","http://www.hongyundt.com/invest/investRecord?borrow_id=36","buh***uha","手动","￥8,000.00元","2016-01-08 15:14"
"542","http://www.hongyundt.com/invest/investRecord?borrow_id=36","qwd***wds","手动","￥6,000.00元","2016-01-08 15:03"
"543","http://www.hongyundt.com/invest/investRecord?borrow_id=36","qsx***sxc","手动","￥5,600.00元","2016-01-08 14:47"
"544","http://www.hongyundt.com/invest/investRecord?borrow_id=36","幸***远","手动","￥3,000.00元","2016-01-08 14:10"
"545","http://www.hongyundt.com/invest/investRecord?borrow_id=36","kio***006","手动","￥5,600.00元","2016-01-08 14:06"
"546","http://www.hongyundt.com/invest/investRecord?borrow_id=36","yan***min","手动","￥10,000.00元","2016-01-08 14:05"
"547","http://www.hongyundt.com/invest/investRecord?borrow_id=34","开***果","手动","￥4,200.00元","2016-01-08 10:07"
"548","http://www.hongyundt.com/invest/investRecord?borrow_id=34","bff***ffk","手动","￥7,500.00元","2016-01-08 10:06"
"549","http://www.hongyundt.com/invest/investRecord?borrow_id=34","kio***006","手动","￥10,000.00元","2016-01-08 10:06"
"550","http://www.hongyundt.com/invest/investRecord?borrow_id=34","万***意","手动","￥5,500.00元","2016-01-08 10:05"
"551","http://www.hongyundt.com/invest/investRecord?borrow_id=34","一***顺","手动","￥8,000.00元","2016-01-08 10:02"
"552","http://www.hongyundt.com/invest/investRecord?borrow_id=34","星***烁","手动","￥10,000.00元","2016-01-08 10:02"
"553","http://www.hongyundt.com/invest/investRecord?borrow_id=34","ngc***gcx","手动","￥8,000.00元","2016-01-08 10:01"
"554","http://www.hongyundt.com/invest/investRecord?borrow_id=34","xud***dbm","手动","￥6,800.00元","2016-01-08 10:01"
"555","http://www.hongyundt.com/invest/investRecord?borrow_id=34","gnm***nmf","手动","￥10,000.00元","2016-01-08 10:00"
"556","http://www.hongyundt.com/invest/investRecord?borrow_id=34","yan***min","手动","￥10,000.00元","2016-01-08 10:00"
"557","http://www.hongyundt.com/invest/investRecord?borrow_id=32","微***怀","手动","￥8,350.00元","2016-01-07 17:00"
"558","http://www.hongyundt.com/invest/investRecord?borrow_id=32","孤***就","手动","￥4,000.00元","2016-01-07 16:58"
"559","http://www.hongyundt.com/invest/investRecord?borrow_id=32","bff***ffk","手动","￥20,300.00元","2016-01-07 16:50"
"560","http://www.hongyundt.com/invest/investRecord?borrow_id=32","星***烁","手动","￥8,000.00元","2016-01-07 15:47"
"561","http://www.hongyundt.com/invest/investRecord?borrow_id=32","ngc***gcx","手动","￥6,350.00元","2016-01-07 15:38"
"562","http://www.hongyundt.com/invest/investRecord?borrow_id=32","xud***dbm","手动","￥10,000.00元","2016-01-07 14:07"
"563","http://www.hongyundt.com/invest/investRecord?borrow_id=32","gnm***nmf","手动","￥3,000.00元","2016-01-07 14:00"
"564","http://www.hongyundt.com/invest/investRecord?borrow_id=30","a<e8><U+008B>***<U+00E7><U+00BF><U+00A0>","<U+00E6><U+0089><U+008B><U+00E5><U+008A>¨","<U+00EF><U+00BF>￥4,200.00<U+00E5><U+0085><U+0083>","2016-01-07 10:06"
"565","http://www.hongyundt.com/invest/investRecord?borrow_id=30","mxc***xcd","<U+00E6><U+0089><U+008B><U+00E5><U+008A>¨","<U+00EF><U+00BF>￥10,000.00<U+00E5><U+0085><U+0083>","2016-01-07 10:06"
"566","http://www.hongyundt.com/invest/investRecord?borrow_id=30","è・ˉ***<U+00E7><U+0094>2","<U+00E6><U+0089><U+008B><U+00E5><U+008A>¨","<U+00EF><U+00BF>￥7,800.00<U+00E5><U+0085><U+0083>","2016-01-07 10:06"
"567","http://www.hongyundt.com/invest/investRecord?borrow_id=30","ngc***gcx","<U+00E6><U+0089><U+008B><U+00E5><U+008A>¨","<U+00EF><U+00BF>￥10,000.00<U+00E5><U+0085><U+0083>","2016-01-07 10:05"
"568","http://www.hongyundt.com/invest/investRecord?borrow_id=30","198***111","<U+00E6><U+0089><U+008B><U+00E5><U+008A>¨","<U+00EF><U+00BF>￥10,000.00<U+00E5><U+0085><U+0083>","2016-01-07 10:05"
"569","http://www.hongyundt.com/invest/investRecord?borrow_id=30","星***烁","手动","￥10,000.00元","2016-01-07 10:04"
"570","http://www.hongyundt.com/invest/investRecord?borrow_id=30","bff***ffk","手动","￥8,000.00元","2016-01-07 10:03"
"571","http://www.hongyundt.com/invest/investRecord?borrow_id=30","微***怀","手动","￥10,000.00元","2016-01-07 10:02"
"572","http://www.hongyundt.com/invest/investRecord?borrow_id=30","孤***就","手动","￥10,000.00元","2016-01-07 10:01"
"573","http://www.hongyundt.com/invest/investRecord?borrow_id=29","一***顺","手动","￥5,000.00元","2016-01-06 16:32"
"574","http://www.hongyundt.com/invest/investRecord?borrow_id=29","可***爱","手动","￥9,000.00元","2016-01-06 16:31"
"575","http://www.hongyundt.com/invest/investRecord?borrow_id=29","可***里","手动","￥12,300.00元","2016-01-06 16:30"
"576","http://www.hongyundt.com/invest/investRecord?borrow_id=29","131***888","手动","￥3,500.00元","2016-01-06 15:33"
"577","http://www.hongyundt.com/invest/investRecord?borrow_id=29","mxc***xcd","手动","￥5,800.00元","2016-01-06 15:16"
"578","http://www.hongyundt.com/invest/investRecord?borrow_id=29","gnm***nmf","手动","￥10,800.00元","2016-01-06 14:29"
"579","http://www.hongyundt.com/invest/investRecord?borrow_id=29","可***里","手动","￥6,600.00元","2016-01-06 14:22"
"580","http://www.hongyundt.com/invest/investRecord?borrow_id=29","喜***洋","手动","￥7,000.00元","2016-01-06 14:21"
"581","http://www.hongyundt.com/invest/investRecord?borrow_id=27","就***始","手动","￥2,800.00元","2016-01-06 10:04"
"582","http://www.hongyundt.com/invest/investRecord?borrow_id=27","131***888","手动","￥10,000.00元","2016-01-06 10:04"
"583","http://www.hongyundt.com/invest/investRecord?borrow_id=27","微***怀","手动","￥10,000.00元","2016-01-06 10:04"
"584","http://www.hongyundt.com/invest/investRecord?borrow_id=27","孤***就","手动","￥10,000.00元","2016-01-06 10:03"
"585","http://www.hongyundt.com/invest/investRecord?borrow_id=27","开***果","手动","￥8,700.00元","2016-01-06 10:03"
"586","http://www.hongyundt.com/invest/investRecord?borrow_id=27","mxc***xcd","手动","￥8,000.00元","2016-01-06 10:02"
"587","http://www.hongyundt.com/invest/investRecord?borrow_id=27","依***依","手动","￥6,000.00元","2016-01-06 10:02"
"588","http://www.hongyundt.com/invest/investRecord?borrow_id=27","可***爱","手动","￥9,500.00元","2016-01-06 10:01"
"589","http://www.hongyundt.com/invest/investRecord?borrow_id=27","Num***umb","手动","￥5,000.00元","2016-01-06 10:01"
"590","http://www.hongyundt.com/invest/investRecord?borrow_id=27","星***烁","手动","￥10,000.00元","2016-01-06 10:00"
"591","http://www.hongyundt.com/invest/investRecord?borrow_id=26","范***冰","手动","￥5,250.00元","2016-01-06 09:36"
"592","http://www.hongyundt.com/invest/investRecord?borrow_id=26","可***爱","手动","￥30,000.00元","2016-01-06 09:35"
"593","http://www.hongyundt.com/invest/investRecord?borrow_id=26","星***烁","手动","￥15,000.00元","2016-01-05 15:18"
"594","http://www.hongyundt.com/invest/investRecord?borrow_id=26","ngc***gcx","手动","￥3,000.00元","2016-01-05 14:05"
"595","http://www.hongyundt.com/invest/investRecord?borrow_id=26","xud***dbm","手动","￥6,750.00元","2016-01-05 14:01"
"596","http://www.hongyundt.com/invest/investRecord?borrow_id=24","bff***ffk","手动","￥1,400.00元","2016-01-05 10:04"
"597","http://www.hongyundt.com/invest/investRecord?borrow_id=24","网***人","手动","￥9,500.00元","2016-01-05 10:04"
"598","http://www.hongyundt.com/invest/investRecord?borrow_id=24","ngc***gcx","手动","￥10,000.00元","2016-01-05 10:03"
"599","http://www.hongyundt.com/invest/investRecord?borrow_id=24","星***烁","手动","￥10,000.00元","2016-01-05 10:03"
"600","http://www.hongyundt.com/invest/investRecord?borrow_id=24","131***888","手动","￥8,000.00元","2016-01-05 10:02"
"601","http://www.hongyundt.com/invest/investRecord?borrow_id=24","乐***乐","手动","￥5,000.00元","2016-01-05 10:02"
"602","http://www.hongyundt.com/invest/investRecord?borrow_id=24","xud***dbm","手动","￥10,000.00元","2016-01-05 10:02"
"603","http://www.hongyundt.com/invest/investRecord?borrow_id=24","gnm***nmf","手动","￥10,000.00元","2016-01-05 10:01"
"604","http://www.hongyundt.com/invest/investRecord?borrow_id=24","茅***业","手动","￥6,600.00元","2016-01-05 10:00"
"605","http://www.hongyundt.com/invest/investRecord?borrow_id=24","可***爱","手动","￥9,500.00元","2016-01-05 10:00"
"606","http://www.hongyundt.com/invest/investRecord?borrow_id=21","秀***餐","手动","￥9,550.00元","2016-01-04 10:29"
"607","http://www.hongyundt.com/invest/investRecord?borrow_id=21","喜***洋","手动","￥5,000.00元","2016-01-04 09:50"
"608","http://www.hongyundt.com/invest/investRecord?borrow_id=21","范***冰","手动","￥4,900.00元","2016-01-04 09:49"
"609","http://www.hongyundt.com/invest/investRecord?borrow_id=21","网***人","手动","￥8,500.00元","2016-01-04 09:39"
"610","http://www.hongyundt.com/invest/investRecord?borrow_id=21","可***爱","手动","￥5,200.00元","2016-01-04 09:38"
"611","http://www.hongyundt.com/invest/investRecord?borrow_id=21","投***运","手动","￥9,050.00元","2016-01-04 09:38"
"612","http://www.hongyundt.com/invest/investRecord?borrow_id=21","茅***业","手动","￥6,000.00元","2016-01-04 09:36"
"613","http://www.hongyundt.com/invest/investRecord?borrow_id=21","131***888","手动","￥10,000.00元","2016-01-04 09:35"
"614","http://www.hongyundt.com/invest/investRecord?borrow_id=21","宝***利","手动","￥8,000.00元","2016-01-04 09:33"
"615","http://www.hongyundt.com/invest/investRecord?borrow_id=21","198***111","手动","￥2,200.00元","2016-01-04 09:32"
"616","http://www.hongyundt.com/invest/investRecord?borrow_id=21","198***111","手动","￥6,600.00元","2016-01-04 09:32"
"617","http://www.hongyundt.com/invest/investRecord?borrow_id=21","乐***乐","手动","￥5,000.00元","2016-01-04 09:29"
"618","http://www.hongyundt.com/invest/investRecord?borrow_id=20","liu***123","手动","￥4,800.00元","2016-01-04 16:46"
"619","http://www.hongyundt.com/invest/investRecord?borrow_id=20","有***方","手动","￥3,000.00元","2016-01-04 16:44"
"620","http://www.hongyundt.com/invest/investRecord?borrow_id=20","有***方","手动","￥5,000.00元","2016-01-04 16:44"
"621","http://www.hongyundt.com/invest/investRecord?borrow_id=20","xud***dbm","手动","￥16,800.00元","2016-01-04 16:40"
"622","http://www.hongyundt.com/invest/investRecord?borrow_id=20","可***里","手动","￥3,800.00元","2016-01-04 16:04"
"623","http://www.hongyundt.com/invest/investRecord?borrow_id=20","可***里","手动","￥6,000.00元","2016-01-04 15:13"
"624","http://www.hongyundt.com/invest/investRecord?borrow_id=20","147***258","手动","￥4,800.00元","2016-01-04 15:10"
"625","http://www.hongyundt.com/invest/investRecord?borrow_id=20","微***怀","手动","￥10,000.00元","2016-01-04 14:47"
"626","http://www.hongyundt.com/invest/investRecord?borrow_id=20","mxc***xcd","手动","￥5,800.00元","2016-01-04 14:42"
"627","http://www.hongyundt.com/invest/investRecord?borrow_id=19","乐***乐","手动","￥9,900.00元","2016-01-03 21:40"
"628","http://www.hongyundt.com/invest/investRecord?borrow_id=19","大***树","手动","￥600.00元","2016-01-03 16:58"
"629","http://www.hongyundt.com/invest/investRecord?borrow_id=19","大***树","手动","￥19,800.00元","2016-01-03 16:57"
"630","http://www.hongyundt.com/invest/investRecord?borrow_id=19","yua***uan","手动","￥10,000.00元","2016-01-03 16:08"
"631","http://www.hongyundt.com/invest/investRecord?borrow_id=19","乐***乐","手动","￥5,000.00元","2016-01-03 15:55"
"632","http://www.hongyundt.com/invest/investRecord?borrow_id=19","当***当","手动","￥5,600.00元","2016-01-03 15:31"
"633","http://www.hongyundt.com/invest/investRecord?borrow_id=19","当***当","手动","￥2,800.00元","2016-01-03 14:01"
"634","http://www.hongyundt.com/invest/investRecord?borrow_id=19","当***当","手动","￥2,800.00元","2016-01-03 14:01"
"635","http://www.hongyundt.com/invest/investRecord?borrow_id=19","伴***行","手动","￥3,500.00元","2016-01-03 14:01"
"636","http://www.hongyundt.com/invest/investRecord?borrow_id=18","投***运","手动","￥5,750.00元","2016-01-03 10:19"
"637","http://www.hongyundt.com/invest/investRecord?borrow_id=18","网***人","手动","￥10,000.00元","2016-01-03 10:17"
"638","http://www.hongyundt.com/invest/investRecord?borrow_id=18","131***888","手动","￥10,000.00元","2016-01-03 10:13"
"639","http://www.hongyundt.com/invest/investRecord?borrow_id=18","天***勤","手动","￥9,500.00元","2016-01-03 10:06"
"640","http://www.hongyundt.com/invest/investRecord?borrow_id=18","路***甲","手动","￥10,000.00元","2016-01-03 10:03"
"641","http://www.hongyundt.com/invest/investRecord?borrow_id=18","魅***生","手动","￥10,000.00元","2016-01-03 10:02"
"642","http://www.hongyundt.com/invest/investRecord?borrow_id=18","乐***乐","手动","￥9,500.00元","2016-01-03 10:02"
"643","http://www.hongyundt.com/invest/investRecord?borrow_id=18","依***依","手动","￥9,500.00元","2016-01-03 10:02"
"644","http://www.hongyundt.com/invest/investRecord?borrow_id=18","好***来","手动","￥7,700.00元","2016-01-03 10:02"
"645","http://www.hongyundt.com/invest/investRecord?borrow_id=18","张***云","手动","￥8,500.00元","2016-01-03 10:02"
"646","http://www.hongyundt.com/invest/investRecord?borrow_id=18","茅***业","手动","￥9,550.00元","2016-01-03 10:02"
"647","http://www.hongyundt.com/invest/investRecord?borrow_id=17","天***勤","手动","￥3,800.00元","2016-01-02 16:34"
"648","http://www.hongyundt.com/invest/investRecord?borrow_id=17","wan***111","手动","￥8,800.00元","2016-01-02 16:12"
"649","http://www.hongyundt.com/invest/investRecord?borrow_id=17","lov***zhe","手动","￥9,100.00元","2016-01-02 15:41"
"650","http://www.hongyundt.com/invest/investRecord?borrow_id=17","财***生","手动","￥10,000.00元","2016-01-02 15:02"
"651","http://www.hongyundt.com/invest/investRecord?borrow_id=17","温***天","手动","￥8,600.00元","2016-01-02 14:31"
"652","http://www.hongyundt.com/invest/investRecord?borrow_id=17","TT8***569","手动","￥6,000.00元","2016-01-02 14:07"
"653","http://www.hongyundt.com/invest/investRecord?borrow_id=17","wus***ei1","手动","￥7,000.00元","2016-01-02 14:05"
"654","http://www.hongyundt.com/invest/investRecord?borrow_id=17","依***依","手动","￥5,000.00元","2016-01-02 14:03"
"655","http://www.hongyundt.com/invest/investRecord?borrow_id=17","ang***777","手动","￥1,700.00元","2016-01-02 14:03"
"656","http://www.hongyundt.com/invest/investRecord?borrow_id=16","ang***777","手动","￥1,700.00元","2016-01-02 11:26"
"657","http://www.hongyundt.com/invest/investRecord?borrow_id=16","依***依","手动","￥5,000.00元","2016-01-02 10:11"
"658","http://www.hongyundt.com/invest/investRecord?borrow_id=16","天***勤","手动","￥7,000.00元","2016-01-02 10:08"
"659","http://www.hongyundt.com/invest/investRecord?borrow_id=16","wus***ei1","手动","￥7,000.00元","2016-01-02 10:08"
"660","http://www.hongyundt.com/invest/investRecord?borrow_id=16","上***若","手动","￥5,000.00元","2016-01-02 10:07"
"661","http://www.hongyundt.com/invest/investRecord?borrow_id=16","茅***业","手动","￥9,850.00元","2016-01-02 10:06"
"662","http://www.hongyundt.com/invest/investRecord?borrow_id=16","米***粒","手动","￥8,000.00元","2016-01-02 10:05"
"663","http://www.hongyundt.com/invest/investRecord?borrow_id=16","温***天","手动","￥8,550.00元","2016-01-02 10:04"
"664","http://www.hongyundt.com/invest/investRecord?borrow_id=16","TT8***569","手动","￥10,000.00元","2016-01-02 10:04"
"665","http://www.hongyundt.com/invest/investRecord?borrow_id=16","魅***生","手动","￥10,000.00元","2016-01-02 10:02"
"666","http://www.hongyundt.com/invest/investRecord?borrow_id=16","wan***111","手动","￥8,800.00元","2016-01-02 10:02"
"667","http://www.hongyundt.com/invest/investRecord?borrow_id=16","财***生","手动","￥10,000.00元","2016-01-02 10:01"
"668","http://www.hongyundt.com/invest/investRecord?borrow_id=16","lov***zhe","手动","￥9,100.00元","2016-01-02 10:00"
"669","http://www.hongyundt.com/invest/investRecord?borrow_id=15","wan***111","手动","￥5,750.00元","2016-01-02 08:10"
"670","http://www.hongyundt.com/invest/investRecord?borrow_id=15","TT8***569","手动","￥5,500.00元","2016-01-01 17:49"
"671","http://www.hongyundt.com/invest/investRecord?borrow_id=15","741***明","手动","￥10,000.00元","2016-01-01 17:04"
"672","http://www.hongyundt.com/invest/investRecord?borrow_id=15","a<e8><U+008B>***<U+00E7><U+00BF><U+00A0>","<U+00E6><U+0089><U+008B><U+00E5><U+008A>¨","<U+00EF><U+00BF>￥6,050.00<U+00E5><U+0085><U+0083>","2016-01-01 16:28"
"673","http://www.hongyundt.com/invest/investRecord?borrow_id=15","è′￠***<U+00E7><U+0094><U+009F>","<U+00E6><U+0089><U+008B><U+00E5><U+008A>¨","<U+00EF><U+00BF>￥7,000.00<U+00E5><U+0085><U+0083>","2016-01-01 15:59"
"674","http://www.hongyundt.com/invest/investRecord?borrow_id=15","lov***zhe","手动","￥3,800.00元","2016-01-01 15:58"
"675","http://www.hongyundt.com/invest/investRecord?borrow_id=15","魅***生","手动","￥2,000.00元","2016-01-01 15:57"
"676","http://www.hongyundt.com/invest/investRecord?borrow_id=15","Num***umb","手动","￥10,000.00元","2016-01-01 14:30"
"677","http://www.hongyundt.com/invest/investRecord?borrow_id=15","菜***菜","手动","￥9,900.00元","2016-01-01 14:29"
"678","http://www.hongyundt.com/invest/investRecord?borrow_id=11","yue***yue","手动","￥4,850.00元","2016-01-01 10:31"
"679","http://www.hongyundt.com/invest/investRecord?borrow_id=11","a<e8><U+008B>***<U+00E7><U+00BF><U+00A0>","<U+00E6><U+0089><U+008B><U+00E5><U+008A>¨","<U+00EF><U+00BF>￥6,050.00<U+00E5><U+0085><U+0083>","2016-01-01 10:17"
"680","http://www.hongyundt.com/invest/investRecord?borrow_id=11","lov***zhe","<U+00E6><U+0089><U+008B><U+00E5><U+008A>¨","<U+00EF><U+00BF>￥8,000.00<U+00E5><U+0085><U+0083>","2016-01-01 10:12"
"681","http://www.hongyundt.com/invest/investRecord?borrow_id=11","<U+00E4><U+00BC>′***è<U+00A1><U+008C>","<U+00E6><U+0089><U+008B><U+00E5><U+008A>¨","<U+00EF><U+00BF>￥9,000.00<U+00E5><U+0085><U+0083>","2016-01-01 10:12"
"682","http://www.hongyundt.com/invest/investRecord?borrow_id=11","é-<U+0085>***<U+00E7><U+0094><U+009F>","<U+00E6><U+0089><U+008B><U+00E5><U+008A>¨","<U+00EF><U+00BF>￥3,600.00<U+00E5><U+0085><U+0083>","2016-01-01 10:10"
"683","http://www.hongyundt.com/invest/investRecord?borrow_id=11","741***明","手动","￥10,000.00元","2016-01-01 10:10"
"684","http://www.hongyundt.com/invest/investRecord?borrow_id=11","苏***123","手动","￥3,000.00元","2016-01-01 10:10"
"685","http://www.hongyundt.com/invest/investRecord?borrow_id=11","财***生","手动","￥5,000.00元","2016-01-01 10:09"
"686","http://www.hongyundt.com/invest/investRecord?borrow_id=11","花***界","手动","￥10,000.00元","2016-01-01 10:08"
"687","http://www.hongyundt.com/invest/investRecord?borrow_id=11","张***云","手动","￥8,000.00元","2016-01-01 10:07"
"688","http://www.hongyundt.com/invest/investRecord?borrow_id=11","苏***123","手动","￥7,000.00元","2016-01-01 10:05"
"689","http://www.hongyundt.com/invest/investRecord?borrow_id=11","路***甲","手动","￥5,500.00元","2016-01-01 10:04"
"690","http://www.hongyundt.com/invest/investRecord?borrow_id=11","乐***乐","手动","￥10,000.00元","2016-01-01 10:04"
"691","http://www.hongyundt.com/invest/investRecord?borrow_id=11","Num***umb","手动","￥10,000.00元","2016-01-01 10:01"
"692","http://www.hongyundt.com/invest/investRecord?borrow_id=10","张***309","手动","￥3,800.00元","2015-12-31 16:54"
"693","http://www.hongyundt.com/invest/investRecord?borrow_id=10","依***依","手动","￥5,000.00元","2015-12-31 16:53"
"694","http://www.hongyundt.com/invest/investRecord?borrow_id=10","lov***zhe","手动","￥10,000.00元","2015-12-31 16:41"
"695","http://www.hongyundt.com/invest/investRecord?borrow_id=10","魅***生","手动","￥7,800.00元","2015-12-31 16:40"
"696","http://www.hongyundt.com/invest/investRecord?borrow_id=10","mxc***xcd","手动","￥7,000.00元","2015-12-31 15:56"
"697","http://www.hongyundt.com/invest/investRecord?borrow_id=10","xud***dbm","手动","￥15,500.00元","2015-12-31 15:45"
"698","http://www.hongyundt.com/invest/investRecord?borrow_id=10","财***生","手动","￥5,600.00元","2015-12-31 14:10"
"699","http://www.hongyundt.com/invest/investRecord?borrow_id=10","ngc***gcx","手动","￥5,300.00元","2015-12-31 14:00"
"700","http://www.hongyundt.com/invest/investRecord?borrow_id=8","Num***umb","手动","￥7,150.00元","2015-12-31 10:02"
"701","http://www.hongyundt.com/invest/investRecord?borrow_id=8","魅***生","手动","￥8,200.00元","2015-12-31 10:02"
"702","http://www.hongyundt.com/invest/investRecord?borrow_id=8","mxc***xcd","手动","￥10,000.00元","2015-12-31 10:01"
"703","http://www.hongyundt.com/invest/investRecord?borrow_id=8","天***勤","手动","￥10,000.00元","2015-12-31 10:01"
"704","http://www.hongyundt.com/invest/investRecord?borrow_id=8","ss5***521","手动","￥10,000.00元","2015-12-31 10:01"
"705","http://www.hongyundt.com/invest/investRecord?borrow_id=8","乐***乐","手动","￥9,000.00元","2015-12-31 10:01"
"706","http://www.hongyundt.com/invest/investRecord?borrow_id=8","yan***i88","手动","￥2,100.00元","2015-12-31 10:01"
"707","http://www.hongyundt.com/invest/investRecord?borrow_id=8","jin***n55","手动","￥10,000.00元","2015-12-31 10:01"
"708","http://www.hongyundt.com/invest/investRecord?borrow_id=8","yan***min","手动","￥5,050.00元","2015-12-31 10:01"
"709","http://www.hongyundt.com/invest/investRecord?borrow_id=8","a<e8><U+008B>***<U+00E7><U+00BF><U+00A0>","<U+00E6><U+0089><U+008B><U+00E5><U+008A>¨","<U+00EF><U+00BF>￥10,000.00<U+00E5><U+0085><U+0083>","2015-12-31 10:01"
"710","http://www.hongyundt.com/invest/investRecord?borrow_id=8","财***生","手动","￥10,000.00元","2015-12-31 10:01"
"711","http://www.hongyundt.com/invest/investRecord?borrow_id=8","张***云","手动","￥8,500.00元","2015-12-31 10:00"
"712","http://www.hongyundt.com/invest/investRecord?borrow_id=7","星***烁","手动","￥8,100.00元","2015-12-30 16:58"
"713","http://www.hongyundt.com/invest/investRecord?borrow_id=7","gnm***nmf","手动","￥10,300.00元","2015-12-30 16:38"
"714","http://www.hongyundt.com/invest/investRecord?borrow_id=7","mxc***xcd","手动","￥8,600.00元","2015-12-30 16:29"
"715","http://www.hongyundt.com/invest/investRecord?borrow_id=7","lov***zhe","手动","￥12,000.00元","2015-12-30 15:45"
"716","http://www.hongyundt.com/invest/investRecord?borrow_id=7","微***怀","手动","￥1,800.00元","2015-12-30 14:28"
"717","http://www.hongyundt.com/invest/investRecord?borrow_id=7","魅***生","手动","￥5,600.00元","2015-12-30 14:16"
"718","http://www.hongyundt.com/invest/investRecord?borrow_id=7","财***生","手动","￥10,000.00元","2015-12-30 14:02"
"719","http://www.hongyundt.com/invest/investRecord?borrow_id=7","幸***远","手动","￥3,600.00元","2015-12-30 14:01"
"720","http://www.hongyundt.com/invest/investRecord?borrow_id=5","星***烁","手动","￥9,300.00元","2015-12-30 10:04"
"721","http://www.hongyundt.com/invest/investRecord?borrow_id=5","ss5***521","手动","￥9,500.00元","2015-12-30 10:04"
"722","http://www.hongyundt.com/invest/investRecord?borrow_id=5","xud***dbm","手动","￥10,000.00元","2015-12-30 10:03"
"723","http://www.hongyundt.com/invest/investRecord?borrow_id=5","gnm***nmf","手动","￥10,000.00元","2015-12-30 10:02"
"724","http://www.hongyundt.com/invest/investRecord?borrow_id=5","jin***n55","手动","￥10,000.00元","2015-12-30 10:02"
"725","http://www.hongyundt.com/invest/investRecord?borrow_id=5","天***勤","手动","￥10,000.00元","2015-12-30 10:02"
"726","http://www.hongyundt.com/invest/investRecord?borrow_id=5","乐***乐","手动","￥5,000.00元","2015-12-30 10:02"
"727","http://www.hongyundt.com/invest/investRecord?borrow_id=5","魅***生","手动","￥9,200.00元","2015-12-30 10:01"
"728","http://www.hongyundt.com/invest/investRecord?borrow_id=5","依***依","手动","￥5,000.00元","2015-12-30 10:01"
"729","http://www.hongyundt.com/invest/investRecord?borrow_id=5","yan***min","手动","￥2,000.00元","2015-12-30 10:00"
"730","http://www.hongyundt.com/invest/investRecord?borrow_id=5","Num***umb","手动","￥10,000.00元","2015-12-30 10:00"
"731","http://www.hongyundt.com/invest/investRecord?borrow_id=5","财***生","手动","￥10,000.00元","2015-12-30 10:00"
"732","http://www.hongyundt.com/invest/investRecord?borrow_id=1","苏***123","手动","￥3,500.00元","2015-12-29 10:06"
"733","http://www.hongyundt.com/invest/investRecord?borrow_id=1","花***界","手动","￥3,000.00元","2015-12-29 10:05"
"734","http://www.hongyundt.com/invest/investRecord?borrow_id=1","张***云","手动","￥10,000.00元","2015-12-29 10:03"
"735","http://www.hongyundt.com/invest/investRecord?borrow_id=1","张***云","手动","￥10,000.00元","2015-12-29 10:03"
"736","http://www.hongyundt.com/invest/investRecord?borrow_id=1","张***云","手动","￥10,000.00元","2015-12-29 10:03"
"737","http://www.hongyundt.com/invest/investRecord?borrow_id=1","775***521","手动","￥22,000.00元","2015-12-29 10:03"
"738","http://www.hongyundt.com/invest/investRecord?borrow_id=1","天***勤","手动","￥8,000.00元","2015-12-29 10:02"
"739","http://www.hongyundt.com/invest/investRecord?borrow_id=1","乐***乐","手动","￥8,500.00元","2015-12-29 10:02"
"740","http://www.hongyundt.com/invest/investRecord?borrow_id=1","魅***生","手动","￥13,000.00元","2015-12-29 10:01"
"741","http://www.hongyundt.com/invest/investRecord?borrow_id=1","财***生","手动","￥12,000.00元","2015-12-29 10:00"
