"","title","lilu","time","money"
"1","鸿运车易贷鸿运车易贷（201…","18.00%","1个月","50000元"
"2","鸿运天天盈（20160128…","16.00%","15天","30000元"
"3","鸿运车易贷（20160128…","18.00%","1个月","50000元"
"4","鸿运天天盈（20160127…","16.00%","15天","60000元"
"5","鸿运车易贷（20160127…","18.00%","1个月","50000元"
"6","鸿运天天盈（20160126…","16.00%","10天","60000元"
"7","鸿运车易贷（20160126…","18.00%","1个月","50000元"
"8","鸿运天天盈（20160125…","16.00%","10天","60000元"
"9","鸿运车易贷（20160125…","18.00%","1个月","60000元"
"10","鸿运天天盈（20160123…","16.00%","20天","60000元"
"11","鸿运车易贷（20160123…","18.00%","1个月","30000元"
"12","鸿运天天盈（20160122…","16.00%","20天","60000元"
"13","鸿运车易贷（20160122…","18.00%","1个月","50000元"
"14","鸿运天天盈（20160121…","16.00%","20天","60000元"
"15","鸿运车易贷（20160121…","19.00%","2个月","50000元"
"16","鸿运天天盈（20160120…","16.00%","20天","60000元"
"17","鸿运车易贷（20160120…","19.00%","2个月","60000元"
"18","鸿运天天盈（20160119…","16.00%","20天","60000元"
"19","鸿运车易贷（20160119…","19.00%","2个月","35000元"
"20","鸿运天天盈（20160118…","16.00%","20天","60000元"
"21","鸿运车易贷（20160118…","19.00%","2个月","70000元"
"22","鸿运天天盈（20160116…","16.00%","20天","60000元"
"23","鸿运车易贷（20160116…","19.00%","2个月","60000元"
"24","鸿运天天盈（20160115…","16.00%","20天","60000元"
"25","鸿运车易贷（20160115…","19.00%","2个月","50000元"
"26","鸿运天天盈（20160114…","16.00%","20天","60000元"
"27","鸿运车易贷（20160114…","19.00%","2个月","30000元"
"28","鸿运天天盈（20160101…","16.00%","20天","60000元"
"29","鸿运车易贷（20160101…","19.00%","2个月","68000元"
"30","鸿运车易贷（20160101…","19.00%","2个月","50000元"
"31","鸿运车易贷（20160101…","19.00%","2个月","80000元"
"32","约车辆质押三月标！！！","20.00%","3个月","67000元"
"33","鸿运车易贷（20160109…","19.00%","2个月","60000元"
"34","鸿运车易贷（20160108…","19.00%","2个月","70000元"
"35","鸿运车易贷（特约二月标）","19.00%","2个月","25000元"
"36","鸿运车易贷（20160107…","18.00%","1个月","30000元"
"37","鸿运车易贷（20160106…","18.00%","1个月","50000元"
"38","鸿运车易贷（20160105…","18.00%","1个月","50000元"
"39","鸿运车易贷（20160104…","18.00%","1个月","78000元"
"40","车辆抵押三月标","20.00%","3个月","40000元"
"41","车辆抵押一月标","18.00%","1个月","13.00万元"
"42","车辆质押一月标！！！","18.00%","1个月","50000元"
"43","车辆质押一月标！！！","18.00%","1个月","50000元"
"44","鸿运当投试运营活动五天标！！…","16.00%","5天","60000元"
"45","车辆质押一月标","18.00%","1个月","50000元"
"46","鸿运吉祥标！！！","9.99%","1个月","60000元"
"47","鸿运吉祥秒","8.88%","1个月","50000元"
"48","鸿运吉祥秒","6.80%","1个月","18000元"
"49","鸿运吉祥秒标！！！","8.00%","1个月","60000元"
"50","鸿运吉祥秒标！！！","8.00%","1个月","80000元"
"51","鸿运吉祥秒！！！","8.00%","1个月","80000元"
"52","鸿运吉祥秒标！！！","8.00%","1个月","80000元"
"53","鸿运吉祥秒标！！！","8.00%","1个月","80000元"
"54","鸿运吉祥秒标！！！","8.00%","1个月","80000元"
"55","欢乐星期天","6.80%","1个月","18000元"
"56","鸿运吉祥秒标！！！","8.00%","1个月","80000元"
"57","鸿运吉祥秒标！！！","8.00%","1个月","80000元"
"58","鸿运吉祥秒标！！！","8.00%","1个月","80000元"
"59","鸿运吉祥秒标！！！","8.00%","1个月","80000元"
"60","鸿运天天盈（20160112…","16.00%","15天","60000元"
"61","鸿运吉祥秒标！！！","8.00%","1个月","80000元"
"62","鸿运天天盈（20160101…","16.00%","15天","60000元"
"63","鸿运吉祥秒标！！！","8.00%","1个月","80000元"
"64","欢乐星期天","6.80%","1个月","18000元"
"65","鸿运天天盈（20160109…","16.00%","10天","60000元"
"66","鸿运吉祥秒标！！！","8.00%","1个月","80000元"
"67","鸿运天天盈（20160108…","16.00%","10天","60000元"
"68","鸿运吉祥秒标！！！","8.00%","1个月","80000元"
"69","鸿运天天盈（20160107…","16.00%","10天","60000元"
"70","鸿运吉祥秒标！！！","8.00%","1个月","80000元"
"71","鸿运天天盈（20160106…","16.00%","10天","60000元"
"72","鸿运吉祥秒标！！！","8.00%","1个月","80000元"
"73","鸿运天天盈（20160105…","16.00%","10天","60000元"
"74","鸿运吉祥秒标！！！","8.00%","1个月","80000元"
"75","鸿运吉祥秒（20160104…","8.00%","1个月","80000元"
"76","鸿运天天盈（20160104…","16.00%","10天","60000元"
"77","鸿运当投活动十天标","16.00%","10天","60000元"
"78","鸿运当投冻结秒","8.00%","1个月","10.00万元"
"79","鸿运当投活动十天标","16.00%","10天","60000元"
"80","鸿运当投冻结秒标","8.00%","1个月","10.00万元"
"81","鸿运当投活动十天标","16.00%","10天","60000元"
"82","鸿运当投冻结秒标","8.00%","1个月","10.00万元"
"83","鸿运当投试运营活动五天标！！…","16.00%","5天","60000元"
"84","鸿运当投试运营活动第一秒！！…","8.00%","1个月","10.00万元"
"85","鸿运当投试运营活动五天标！！…","16.00%","5天","60000元"
"86","鸿运当投试运营活动第一秒！！…","8.00%","1个月","10.00万元"
"87","鸿运当投试运营活动第一秒！！","8.00%","1个月","10.00万元"
